film_id,character_id,canonical_name,raw_speaker_labels,gender,gender_rationale,is_protagonist,is_named,included_in_network,utterance_count,word_count_spoken_only,word_count_song_only,notes
beautyandthebeast_1991,beautyandthebeast_1991_belle,Belle,BELLE | BELLE (O.S.),F,,True,True,True,168,3950,174,
beautyandthebeast_1991,beautyandthebeast_1991_beast,Beast,BEAST | BEAST (O.S.),M,,False,True,True,69,1139,0,
beautyandthebeast_1991,beautyandthebeast_1991_gaston,Gaston,GASTON | GASTON (O.S.),M,,False,True,True,61,1121,85,
beautyandthebeast_1991,beautyandthebeast_1991_maurice,Maurice,MAURICE | MAURICE (O.S.),M,,False,True,True,61,1656,0,
beautyandthebeast_1991,beautyandthebeast_1991_mantleclock,Mantleclock,MANTLECLOCK | MANTLECLOCK (O.S.),M,,False,True,True,55,1291,31,
beautyandthebeast_1991,beautyandthebeast_1991_candelabra,Candelabra,CANDELABRA | CANDELABRA (.O.S.) | CANDELABRA (O.S.),M,,False,True,True,50,811,66,
beautyandthebeast_1991,beautyandthebeast_1991_teapot,Teapot,TEAPOT | TEAPOT (O.S.),F,,False,True,True,38,635,56,
beautyandthebeast_1991,beautyandthebeast_1991_lefou,Lefou,LEFOU | LEFOU (O.S.),M,,False,True,True,28,489,28,
beautyandthebeast_1991,beautyandthebeast_1991_wardrobe,Wardrobe,WARDROBE | WARDROBE (O.S.),F,,False,True,True,23,450,0,corrected gender M→F (Madame de la Grande Bouche)
beautyandthebeast_1991,beautyandthebeast_1991_monsieur_d_arque,Monsieur D'Arque,MONSIEUR D'ARQUE,M,,False,False,True,6,110,0,
beautyandthebeast_1991,beautyandthebeast_1991_music_box,Music Box,MUSIC BOX,M,,False,False,True,6,154,0,
beautyandthebeast_1991,beautyandthebeast_1991_chip,Chip,CHIP,M,,False,True,True,5,22,0,
beautyandthebeast_1991,beautyandthebeast_1991_objects,Objects,OBJECTS | OBJECTS (CONT. O.S.) | OBJECTS (CONT.),Both,,False,False,True,5,55,38,
beautyandthebeast_1991,beautyandthebeast_1991_tavern_keeper,Tavern Keeper,TAVERN KEEPER,M,,False,False,True,5,34,0,
beautyandthebeast_1991,beautyandthebeast_1991_cronie,Cronie,CRONIE,M,,False,False,False,4,50,0,
beautyandthebeast_1991,beautyandthebeast_1991_featherduster,Featherduster,FEATHERDUSTER,F,,False,False,False,4,49,0,
beautyandthebeast_1991,beautyandthebeast_1991_baker,Baker,BAKER,M,,False,False,False,3,31,0,
beautyandthebeast_1991,beautyandthebeast_1991_bookseller,Bookseller,BOOKSELLER,M,,False,False,False,3,18,0,
beautyandthebeast_1991,beautyandthebeast_1991_brush,Brush,BRUSH,F,,False,False,False,2,8,0,
beautyandthebeast_1991,beautyandthebeast_1991_comb,Comb,COMB,M,,False,False,False,2,6,0,
beautyandthebeast_1991,beautyandthebeast_1991_patron,Patron,PATRON,M,,False,False,False,2,26,0,
beautyandthebeast_1991,beautyandthebeast_1991_pedestrian,Pedestrian,PEDESTRIAN,Unknown,,False,False,False,2,29,0,
beautyandthebeast_1991,beautyandthebeast_1991_stove,Stove,STOVE,M,,False,False,False,2,44,0,
beautyandthebeast_1991,beautyandthebeast_1991_a_butcher,A Butcher,A BUTCHER,M,,False,False,False,1,1,0,
beautyandthebeast_1991,beautyandthebeast_1991_a_merchant,A Merchant,A MERCHANT,M,,False,False,False,1,16,0,
beautyandthebeast_1991,beautyandthebeast_1991_a_milkmaid,A Milkmaid,A MILKMAID,F,,False,False,False,1,1,0,
beautyandthebeast_1991,beautyandthebeast_1991_a_mother,A Mother,A MOTHER,F,,False,False,False,1,1,0,
beautyandthebeast_1991,beautyandthebeast_1991_a_prisoner,A Prisoner,A PRISONER,M,,False,False,False,1,1,0,
beautyandthebeast_1991,beautyandthebeast_1991_a_wife,A Wife,A WIFE,F,,False,False,False,1,10,0,
beautyandthebeast_1991,beautyandthebeast_1991_baker_and_fishmonger,Baker And Fishmonger,BAKER AND FISHMONGER,M,,False,False,False,1,2,0,
beautyandthebeast_1991,beautyandthebeast_1991_baker_s_customer,Baker'S Customer,BAKER'S CUSTOMER,M,,False,False,False,1,2,0,
beautyandthebeast_1991,beautyandthebeast_1991_belle_the_duke,Belle/ The Duke,BELLE/ THE DUKE,Both,,False,False,False,1,23,0,
beautyandthebeast_1991,beautyandthebeast_1991_blacksmith,Blacksmith,BLACKSMITH,M,,False,False,False,1,1,0,
beautyandthebeast_1991,beautyandthebeast_1991_both_customers,Both Customers,BOTH CUSTOMERS,Both,,False,False,False,1,14,0,
beautyandthebeast_1991,beautyandthebeast_1991_cheese_buyer,Cheese Buyer,CHEESE BUYER,M,,False,False,False,1,2,0,
beautyandthebeast_1991,beautyandthebeast_1991_duke,Duke,DUKE,M,,False,False,False,1,23,0,
beautyandthebeast_1991,beautyandthebeast_1991_elderly_woman,Elderly Woman,ELDERLY WOMAN,F,,False,False,False,1,18,0,
beautyandthebeast_1991,beautyandthebeast_1991_fabric_buyer,Fabric Buyer,FABRIC BUYER,M,,False,False,False,1,2,0,
beautyandthebeast_1991,beautyandthebeast_1991_fishmonger_s_customer,Fishmonger'S Customer,FISHMONGER'S CUSTOMER,M,,False,False,False,1,2,0,
beautyandthebeast_1991,beautyandthebeast_1991_footstool,Footstool,FOOTSTOOL,M,,False,False,False,1,2,0,
beautyandthebeast_1991,beautyandthebeast_1991_fruit_shopper,Fruit Shopper,FRUIT SHOPPER,M,,False,False,False,1,10,0,
beautyandthebeast_1991,beautyandthebeast_1991_handsome_brute,Handsome Brute.,HANDSOME BRUTE.,M,,False,False,False,1,100,0,
beautyandthebeast_1991,beautyandthebeast_1991_lady,Lady,LADY,F,,False,False,False,1,4,0,
beautyandthebeast_1991,beautyandthebeast_1991_lady_s_friend,Lady'S Friend,LADY'S FRIEND,M,,False,False,False,1,4,0,
beautyandthebeast_1991,beautyandthebeast_1991_large_man,Large Man,LARGE MAN,M,,False,False,False,1,16,0,
beautyandthebeast_1991,beautyandthebeast_1991_maitre_d,Maitre 'D,MAITRE 'D,M,,False,False,False,1,36,0,
beautyandthebeast_1991,beautyandthebeast_1991_man_in_a_cart,Man In A Cart,MAN IN A CART,M,,False,False,False,1,7,0,
beautyandthebeast_1991,beautyandthebeast_1991_matronly_woman,Matronly Woman,MATRONLY WOMAN,F,,False,False,False,1,4,0,
beautyandthebeast_1991,beautyandthebeast_1991_neighbor,Neighbor,NEIGHBOR,M,,False,False,False,1,3,0,
beautyandthebeast_1991,beautyandthebeast_1991_neighbor_s_wife,Neighbor'S Wife,NEIGHBOR'S WIFE,F,,False,False,False,1,4,0,
beautyandthebeast_1991,beautyandthebeast_1991_shopkeeper,Shopkeeper,SHOPKEEPER,M,,False,False,False,1,2,0,
beautyandthebeast_1991,beautyandthebeast_1991_silly_girls,Silly Girls,SILLY GIRLS,F,,False,False,False,1,0,27,
beautyandthebeast_1991,beautyandthebeast_1991_tavern_owner,Tavern Owner,TAVERN OWNER,M,,False,False,False,1,5,0,
beautyandthebeast_1991,beautyandthebeast_1991_townsfolk,Townsfolk,TOWNSFOLK,Both,,False,False,False,1,15,0,
beautyandthebeast_1991,beautyandthebeast_1991_townsfolk_merchants,Townsfolk & Merchants,TOWNSFOLK & MERCHANTS,Both,,False,False,False,1,21,0,
beautyandthebeast_1991,beautyandthebeast_1991_townsperson,Townsperson,TOWNSPERSON,M,,False,False,False,1,20,0,
beautyandthebeast_1991,beautyandthebeast_1991_townsperson_s_friend,Townsperson'S Friend,TOWNSPERSON'S FRIEND,M,,False,False,False,1,26,0,
beautyandthebeast_1991,beautyandthebeast_1991_townsperson_s_wife,Townsperson'S Wife,TOWNSPERSON'S WIFE,F,,False,False,False,1,6,0,
beautyandthebeast_1991,beautyandthebeast_1991_villager,Villager,VILLAGER,M,,False,False,False,1,19,0,
toy_story_1995,toy_story_1995_woody,Woody,WOODY | WOODY (AS BUZZ) | WOODY (O.S.) | WOODY (V.O.) | WOODY (VOICE BOX),M,,True,True,True,279,2250,30,
toy_story_1995,toy_story_1995_buzz,Buzz,BUZZ | BUZZ (O.S.) | BUZZ (O.S.; SAMPLED VOICE) | BUZZ (SAMPLED VOICE),M,,False,True,True,143,1179,0,
toy_story_1995,toy_story_1995_sid,Sid,SID | SID (AS ASTRONAUT) | SID (O.S.) | SID (O.S.; AS ASTRONAUT),M,,False,True,True,58,397,0,
toy_story_1995,toy_story_1995_andy,Andy,ANDY | ANDY (AS BO PEEP) | ANDY (AS DINOSAUR) | ANDY (AS POTATO HEAD) | ANDY (AS SHEEP) | ANDY (AS SLINKY DOG) | ANDY (AS WOODY) | ANDY (O.S.),M,,False,True,True,57,305,5,
toy_story_1995,toy_story_1995_mr_potato_head,Mr. Potato Head,MR. POTATO HEAD | MR. POTATO HEAD (O.S.),M,,False,True,True,52,406,0,
toy_story_1995,toy_story_1995_rex,Rex,REX | REX (O.S.),M,,False,True,True,51,372,0,
toy_story_1995,toy_story_1995_slinky,Slinky,SLINKY | SLINKY (O.S.),M,,False,True,True,34,221,0,
toy_story_1995,toy_story_1995_hamm,Hamm,HAMM,M,,False,True,True,33,225,0,
toy_story_1995,toy_story_1995_mrs_davis,Mrs. Davis,MRS. DAVIS | MRS. DAVIS (O.S.),F,,False,True,True,28,227,0,
toy_story_1995,toy_story_1995_sargent,Sargent,SARGENT | SARGENT (O.S.),M,,False,True,True,24,196,8,
toy_story_1995,toy_story_1995_bo_peep,Bo Peep,BO PEEP | BO PEEP (O.S.),F,,False,True,True,23,147,0,
toy_story_1995,toy_story_1995_hannah,Hannah,HANNAH | HANNAH (O.S.),F,,False,True,True,23,103,4,
toy_story_1995,toy_story_1995_tv_announcer,Tv Announcer,TV ANNOUNCER (V.O.),F,,False,False,True,8,57,0,
toy_story_1995,toy_story_1995_lenny,Lenny,LENNY | LENNY (O.S.),M,,False,True,True,5,31,0,
toy_story_1995,toy_story_1995_pizza_deliverer,Pizza Deliverer,PIZZA DELIVERER (O.S.),M,,False,False,True,5,43,0,
toy_story_1995,toy_story_1995_toys,Toys,TOYS,Unknown,,False,False,True,5,5,0,
toy_story_1995,toy_story_1995_aliens,Aliens,ALIENS,Unknown,,False,False,False,4,27,0,
toy_story_1995,toy_story_1995_attendant,Attendant,ATTENDANT (O.S.),M,,False,False,False,3,8,0,
toy_story_1995,toy_story_1995_male_chorus,Male Chorus,MALE CHORUS (V.O.),M,,False,False,False,2,4,0,
toy_story_1995,toy_story_1995_mr_spell,Mr. Spell,MR. SPELL,M,,False,True,False,2,6,0,
toy_story_1995,toy_story_1995_rc_car,Rc Car,RC CAR,M,,False,True,False,2,5,0,
toy_story_1995,toy_story_1995_robot_guards,Robot Guards,ROBOT GUARDS,M,,False,True,False,2,18,0,
toy_story_1995,toy_story_1995_sid_s_mom,Sid'S Mom,SID'S MOM (O.S.),F,,False,True,False,2,6,0,
toy_story_1995,toy_story_1995_space_commander,Space Commander,SPACE COMMANDER | SPACE COMMANDER (O.S.; ON TV),M,,False,True,False,2,29,0,
toy_story_1995,toy_story_1995_tv_buzz,Tv Buzz,TV BUZZ | TV BUZZ (SAMPLED VOICE),M,,False,True,False,2,11,0,
toy_story_1995,toy_story_1995_alien,Alien,ALIEN,M,,False,True,False,1,7,0,
toy_story_1995,toy_story_1995_female_voice_over_speaker,Female Voice Over Speaker,FEMALE VOICE OVER SPEAKER,F,,False,False,False,1,13,0,
toy_story_1995,toy_story_1995_local_announcer,Local Announcer,LOCAL ANNOUNCER (V.O.),M,,False,False,False,1,11,0,
toy_story_1995,toy_story_1995_male_voice_over_speaker,Male Voice Over Speaker,MALE VOICE OVER SPEAKER,M,,False,False,False,1,10,0,
toy_story_1995,toy_story_1995_mike,Mike,MIKE,M,,False,True,False,1,1,0,
toy_story_1995,toy_story_1995_mom,Mom,MOM (O.S.),F,,False,True,False,1,5,0,
toy_story_1995,toy_story_1995_robot,Robot,ROBOT,M,,False,True,False,1,5,0,
toy_story_1995,toy_story_1995_shark,Shark,SHARK,M,,False,True,False,1,6,0,
toy_story_1995,toy_story_1995_slinky_rex,Slinky & Rex,SLINKY & REX,M,,False,True,False,1,1,0,
toy_story_1995,toy_story_1995_wounded_soldier,Wounded Soldier,WOUNDED SOLDIER,M,,False,True,False,1,6,0,
up,up_carl,Carl,CARL | CARL (O.S.) | YOUNG CARL,M,,True,True,True,245,1547,0,
up,up_russell,Russell,RUSSELL | RUSSELL (O.S.),M,,False,True,True,208,1515,0,
up,up_muntz,Muntz,MUNTZ | MUNTZ (O.S.),M,,False,True,True,57,594,0,
up,up_dug,Dug,DUG | DUG (O.S.),M,,False,True,True,49,483,0,
up,up_ellie,Ellie,YOUNG ELLIE | YOUNG ELLIE (O.S.),F,,False,True,True,31,325,0,
up,up_alpha,Alpha,ALPHA | ALPHA (CONT'D),M,,False,True,True,22,250,0,
up,up_newsreel_announcer,Newsreel Announcer,NEWSREEL ANNOUNCER (O.S.) | NEWSREEL ANNOUNCER (V.O.),M,,False,False,False,17,184,0,
up,up_gamma,Gamma,GAMMA | GAMMA (O.S.),M,,False,True,True,15,83,0,
up,up_beta,Beta,BETA,M,,False,True,True,12,103,0,
up,up_voice,Voice,VOICE | VOICE (O.S.),Unknown,,False,False,False,8,68,0,
up,up_construction_foreman_tom,Construction Foreman Tom,CONSTRUCTION FOREMAN TOM,M,,False,True,True,7,74,0,
up,up_dog_walla,Dog Walla,DOG WALLA,Unknown,,False,False,False,6,59,0,"film sound term (background dog murmur), not a character"
up,up_camp_master_strauch,Camp Master Strauch,CAMP MASTER STRAUCH,M,,False,True,True,5,62,0,
up,up_construction_worker_steve,Construction Worker Steve,CONSTRUCTION WORKER STEVE,M,,False,True,False,4,26,0,
up,up_girl_s_voice,Girl'S Voice,GIRL'S VOICE (O.S.),F,,False,False,False,4,48,0,
up,up_nurse_george,Nurse George,NURSE GEORGE,M,,False,True,False,3,25,0,
up,up_dogs,Dogs,DOGS,Both,,False,False,False,2,21,0,collective
up,up_officer_edith,Officer Edith,OFFICER EDITH,F,,False,True,False,2,30,0,
up,up_omega,Omega,OMEGA,M,,False,True,False,2,8,0,
up,up_carl_russell,Carl/Russell,CARL/RUSSELL,M,,False,False,False,1,1,0,combined-speaker label
up,up_crowd,Crowd,CROWD,Both,,False,False,False,1,1,0,collective
up,up_misc_dog,Misc Dog,MISC DOG,Unknown,,False,False,False,1,6,0,
up,up_nurse_a_j,Nurse A.J.,NURSE A.J.,M,,False,True,False,1,11,0,
toy_story_3_2010,toy_story_3_2010_woody,Woody,WOODY | WOODY (CONT'D) | WOODY (CONT’D) | WOODY (O.C.) | WOODY (O.S.) | WOODY (V.O.),M,,True,True,True,183,2698,0,
toy_story_3_2010,toy_story_3_2010_buzz,Buzz,BUZZ | BUZZ (CONT'D) | BUZZ (O.S.),M,,False,True,True,96,1169,0,
toy_story_3_2010,toy_story_3_2010_jessie,Jessie,JESSIE | JESSIE (CONT'D) | JESSIE (O.C.) | JESSIE (O.S.),F,,False,True,True,82,1189,0,
toy_story_3_2010,toy_story_3_2010_lotso,Lotso,LOTSO | LOTSO (CONT'D) | LOTSO (O.S.),M,,False,True,True,77,1308,0,
toy_story_3_2010,toy_story_3_2010_ken,Ken,KEN | KEN (CONT'D) | KEN (O.C.) | KEN (O.S.),M,,False,True,True,69,864,0,
toy_story_3_2010,toy_story_3_2010_rex,Rex,REX | REX (CONT'D) | REX (O.S.),M,,False,True,True,62,727,0,
toy_story_3_2010,toy_story_3_2010_mr_potato_head,Mr. Potato Head,MR. POTATO HEAD | MR. POTATO HEAD (CONT'D) | MR. POTATO HEAD (O.C.) | MR. POTATO HEAD (O.S.),M,,False,True,True,61,780,0,
toy_story_3_2010,toy_story_3_2010_hamm,Hamm,HAMM | HAMM (O.C.) | HAMM (O.S.),M,,False,True,True,57,503,0,
toy_story_3_2010,toy_story_3_2010_andy,Andy,ANDY | ANDY (AS WOODY) | ANDY (CONT'D) | ANDY (CONT’D) | ANDY (O.C.) | ANDY (O.S.) | YOUNG ANDY | YOUNG ANDY (AS BUZZ) | YOUNG ANDY (AS WOODY),M,,False,True,True,47,623,0,
toy_story_3_2010,toy_story_3_2010_mrs_potato_head,Mrs. Potato Head,MRS. POTATO HEAD | MRS. POTATO HEAD (CONT'D) | MRS. POTATO HEAD (V.O) | MRS. POTATO HEAD (V.O.),F,,False,True,True,47,548,0,
toy_story_3_2010,toy_story_3_2010_barbie,Barbie,BARBIE | BARBIE (CONT'D) | BARBIE (O.C.),F,,False,True,True,34,405,0,
toy_story_3_2010,toy_story_3_2010_bonnie,Bonnie,BONNIE | BONNIE (AS WOODY) | BONNIE (CONT'D) | BONNIE (CONT’D) | BONNIE (O.S.),F,,False,True,True,28,388,0,
toy_story_3_2010,toy_story_3_2010_mom,Mom,MOM | MOM (CONT'D) | MOM (O.C.) | MOM (O.S.),F,,False,True,True,28,385,0,
toy_story_3_2010,toy_story_3_2010_slinky,Slinky,SLINKY | SLINKY (CONT'D) | SLINKY (O.S.),M,,False,True,True,28,269,0,
toy_story_3_2010,toy_story_3_2010_molly,Molly,MOLLY | MOLLY (O.C.) | MOLLY (O.S.),F,,False,True,True,16,123,0,
toy_story_3_2010,toy_story_3_2010_lifer,Lifer,LIFER | LIFER (CONT'D) | LIFER (V.O.),M,,False,True,True,15,206,0,
toy_story_3_2010,toy_story_3_2010_spanish_buzz,Spanish Buzz,SPANISH BUZZ | SPANISH BUZZ (CONT'D),M,,False,True,True,14,205,0,
toy_story_3_2010,toy_story_3_2010_chuckles,Chuckles,CHUCKLES | CHUCKLES (V.O.) | YOUNG CHUCKLES,M,,False,True,True,12,196,0,
toy_story_3_2010,toy_story_3_2010_mr_pricklepants,Mr. Pricklepants,MR. PRICKLEPANTS | MR. PRICKLEPANTS (O.S.),M,,False,True,True,12,89,0,
toy_story_3_2010,toy_story_3_2010_trixie,Trixie,TRIXIE,F,,False,True,True,8,72,0,
toy_story_3_2010,toy_story_3_2010_buttercup,Buttercup,BUTTERCUP | BUTTERCUP (CONT'D),M,,False,True,True,7,63,0,
toy_story_3_2010,toy_story_3_2010_one_eyed_bart,One-Eyed Bart,ONE-EYED BART,M,,False,True,True,7,142,0,
toy_story_3_2010,toy_story_3_2010_aliens,Aliens,ALIENS,Unknown,,False,False,False,6,74,0,collective
toy_story_3_2010,toy_story_3_2010_in_the_bag,In The Bag,IN THE BAG,Unknown,,False,False,False,6,61,0,parser artifact (scene direction)
toy_story_3_2010,toy_story_3_2010_dolly,Dolly,DOLLY,F,,False,True,True,5,38,0,
toy_story_3_2010,toy_story_3_2010_twitch,Twitch,TWITCH,M,,False,True,True,5,84,0,
toy_story_3_2010,toy_story_3_2010_receptionist,Receptionist,RECEPTIONIST,Unknown,,False,False,False,4,22,0,
toy_story_3_2010,toy_story_3_2010_sarge,Sarge,SARGE,M,,False,True,False,4,59,0,
toy_story_3_2010,toy_story_3_2010_stretch,Stretch,STRETCH | STRETCH (CONT'D),F,,False,True,False,4,35,0,
toy_story_3_2010,toy_story_3_2010_toys,Toys,TOYS,Both,,False,False,False,4,8,0,collective
toy_story_3_2010,toy_story_3_2010_bookworm,Bookworm,BOOKWORM | BOOKWORM (O.S.),M,,False,True,False,3,69,0,
toy_story_3_2010,toy_story_3_2010_chunk,Chunk,CHUNK,M,,False,True,False,3,29,0,
toy_story_3_2010,toy_story_3_2010_garbage_man_one,Garbage Man One,GARBAGE MAN ONE (CONT'D) | GARBAGE MAN ONE (O.S.),M,,False,False,False,3,21,0,
toy_story_3_2010,toy_story_3_2010_big_baby,Big Baby,BIG BABY,Unknown,,False,True,False,2,23,0,
toy_story_3_2010,toy_story_3_2010_gang,Gang,GANG | GANG (O.S.),Both,,False,False,False,2,42,0,collective
toy_story_3_2010,toy_story_3_2010_janitor,Janitor,JANITOR | JANITOR (CONT’D),M,,False,False,False,2,17,0,
toy_story_3_2010,toy_story_3_2010_outside_the_bag,Outside The Bag,OUTSIDE THE BAG,Unknown,,False,False,False,2,15,0,parser artifact (scene direction)
toy_story_3_2010,toy_story_3_2010_sparks,Sparks,SPARKS,M,,False,True,False,2,10,0,
toy_story_3_2010,toy_story_3_2010_the_toy_chest,The Toy Chest,THE TOY CHEST,Unknown,,False,False,False,2,18,0,parser artifact (scene direction)
toy_story_3_2010,toy_story_3_2010_unicorn,Unicorn,UNICORN,M,,False,False,False,2,9,0,possible duplicate of Buttercup
toy_story_3_2010,toy_story_3_2010_alien,Alien,ALIEN,M,,False,True,False,1,7,0,
toy_story_3_2010,toy_story_3_2010_both,Both,BOTH,Both,,False,False,False,1,1,0,collective
toy_story_3_2010,toy_story_3_2010_butterfly_room_teacher,Butterfly Room Teacher,BUTTERFLY ROOM TEACHER,F,,False,False,False,1,23,0,
toy_story_3_2010,toy_story_3_2010_doll,Doll,DOLL,Unknown,,False,False,False,1,11,0,
toy_story_3_2010,toy_story_3_2010_evil_dr_porkchop,Evil Dr. Porkchop,EVIL DR. PORKCHOP,M,,False,True,False,1,17,0,
toy_story_3_2010,toy_story_3_2010_frog,Frog,FROG,Unknown,,False,False,False,1,17,0,
toy_story_3_2010,toy_story_3_2010_galloping_hooves,Galloping Hooves,GALLOPING HOOVES,Unknown,,False,False,False,1,11,0,parser artifact (scene direction)
toy_story_3_2010,toy_story_3_2010_garbage_man_two,Garbage Man Two,GARBAGE MAN TWO (O.S.),M,,False,False,False,1,2,0,
toy_story_3_2010,toy_story_3_2010_jack_in_the_box,Jack In The Box,JACK IN THE BOX,M,,False,False,False,1,17,0,
toy_story_3_2010,toy_story_3_2010_ken_barbie,Ken & Barbie,KEN & BARBIE,Both,,False,False,False,1,13,0,combined-speaker label
toy_story_3_2010,toy_story_3_2010_soldier_two,Soldier Two,SOLDIER TWO,M,,False,False,False,1,14,0,
toy_story_3_2010,toy_story_3_2010_teacher,Teacher,TEACHER,F,,False,False,False,1,31,0,
toy_story_3_2010,toy_story_3_2010_triceratops,Triceratops,TRICERATOPS,F,,False,False,False,1,2,0,possible duplicate of Trixie
toy_story_3_2010,toy_story_3_2010_voice,Voice,VOICE (O.S.),Unknown,,False,False,False,1,18,0,
cars2,cars2_mater,Mater,MATER | MATER (CONT'D),M,,True,True,True,277,2823,23,
cars2,cars2_mcqueen,Mcqueen,MCQUEEN,M,,False,True,True,147,1324,0,
cars2,cars2_finn,Finn,FINN,M,,False,True,True,120,926,0,
cars2,cars2_holley,Holley,HOLLEY,F,,False,True,True,112,840,0,
cars2,cars2_francesco,Francesco,FRANCESCO | FRANCESCO (CONT'D),M,,False,True,True,32,344,8,
cars2,cars2_professor_zundapp,Professor Zundapp,PROFESSOR ZUNDAPP,M,,False,True,True,30,301,0,
cars2,cars2_grem,Grem,GREM,M,,False,True,True,27,168,0,
cars2,cars2_acer,Acer,ACER,M,,False,True,True,24,165,0,
cars2,cars2_miles_axlerod,Miles Axlerod,MILES AXLEROD,M,,False,True,True,22,244,0,
cars2,cars2_mater_s_computer,Mater'S Computer,MATER'S COMPUTER,Unknown,,False,False,False,15,38,0,
cars2,cars2_luigi,Luigi,LUIGI,M,,False,True,True,14,131,0,
cars2,cars2_sally,Sally,SALLY,F,,False,True,True,14,123,0,
cars2,cars2_uncle_topolino,Uncle Topolino,UNCLE TOPOLINO,M,,False,True,True,13,162,0,
cars2,cars2_engine_voice,Engine Voice,ENGINE VOICE,Unknown,,False,False,False,12,142,0,
cars2,cars2_tomber,Tomber,TOMBER,M,,False,True,True,12,126,0,
cars2,cars2_otis,Otis,OTIS,M,,False,True,True,10,91,0,
cars2,cars2_rod_redline,Rod Redline,ROD REDLINE,M,,False,True,True,9,90,0,
cars2,cars2_vladimir_trunkov,Vladimir Trunkov,VLADIMIR TRUNKOV,M,,False,True,True,9,60,0,
cars2,cars2_sarge,Sarge,SARGE,M,,False,True,True,8,129,0,
cars2,cars2_fillmore,Fillmore,FILLMORE,M,,False,True,True,7,65,0,
cars2,cars2_flo,Flo,FLO,F,,False,True,True,7,63,0,
cars2,cars2_alexander_hugo,Alexander Hugo,ALEXANDER HUGO,M,,False,True,True,6,58,0,
cars2,cars2_brent_mustangburger,Brent Mustangburger,BRENT MUSTANGBURGER,M,,False,True,True,6,108,0,
cars2,cars2_crabby,Crabby,CRABBY,M,,False,True,True,6,80,0,
cars2,cars2_tubbs_pacer,Tubbs Pacer,TUBBS PACER,M,,False,True,True,6,32,0,
cars2,cars2_press_liaison,Press Liaison,PRESS LIAISON,Unknown,,False,False,False,5,33,0,
cars2,cars2_victor_hugo,Victor Hugo,VICTOR HUGO,M,,False,True,True,5,27,0,
cars2,cars2_combat_ship,Combat Ship,COMBAT SHIP,Unknown,,False,False,False,4,21,0,
cars2,cars2_darrell_cartrip,Darrell Cartrip,DARRELL CARTRIP,M,,False,True,False,4,64,0,
cars2,cars2_lewis_hamilton,Lewis Hamilton,LEWIS HAMILTON,M,,False,True,False,4,29,0,
cars2,cars2_queen,Queen,QUEEN,F,,False,True,False,4,24,0,
cars2,cars2_ramone,Ramone,RAMONE,M,,False,True,False,4,33,0,
cars2,cars2_siddeley,Siddeley,SIDDELEY,M,,False,True,False,4,11,0,
cars2,cars2_guido,Guido,GUIDO,M,,False,True,False,3,8,0,
cars2,cars2_jeff_gorvette,Jeff Gorvette,JEFF GORVETTE,M,,False,True,False,3,17,0,
cars2,cars2_nosy_pacer,Nosy Pacer,NOSY PACER,M,,False,False,False,3,22,0,
cars2,cars2_sheriff,Sheriff,SHERIFF,M,,False,True,False,3,26,0,
cars2,cars2_van,Van,VAN,M,,False,True,False,3,30,0,
cars2,cars2_lizzie,Lizzie,LIZZIE,F,,False,True,False,2,14,0,
cars2,cars2_mack,Mack,MACK,M,,False,True,False,2,16,0,
cars2,cars2_mama_topolino,Mama Topolino,MAMA TOPOLINO,F,,False,True,False,2,10,0,
cars2,cars2_minny,Minny,MINNY,F,,False,True,False,2,8,0,
cars2,cars2_queen_s_guards,Queen'S Guards,QUEEN'S GUARDS,M,,False,False,False,2,22,0,
cars2,cars2_security_car,Security Car,SECURITY CAR,M,,False,False,False,2,8,0,
cars2,cars2_sushi_chef,Sushi Chef,SUSHI CHEF,M,,False,False,False,2,5,0,
cars2,cars2_voice,Voice,VOICE,Unknown,,False,False,False,2,8,0,
cars2,cars2_another_hugo,Another Hugo,ANOTHER HUGO,M,,False,False,False,1,15,0,
cars2,cars2_british_corporal,British Corporal,BRITISH CORPORAL,M,,False,False,False,1,6,0,
cars2,cars2_david_hobbscap,David Hobbscap,DAVID HOBBSCAP,M,,False,True,False,1,23,0,
cars2,cars2_everyone,Everyone,EVERYONE,Both,,False,False,False,1,13,0,
cars2,cars2_guard,Guard,GUARD,M,,False,False,False,1,3,0,
cars2,cars2_italian_motorboat,Italian Motorboat,ITALIAN MOTORBOAT,M,,False,False,False,1,1,0,
cars2,cars2_lemonheads,Lemonheads,LEMONHEADS,M,,False,False,False,1,40,0,
cars2,cars2_lord_steward,Lord Steward,LORD STEWARD,M,,False,False,False,1,20,0,
cars2,cars2_merchants,Merchants,MERCHANTS,Both,,False,False,False,1,11,0,
cars2,cars2_press,Press,PRESS,Both,,False,False,False,1,12,0,
cars2,cars2_prince_wheeliam,Prince Wheeliam,PRINCE WHEELIAM,M,,False,True,False,1,10,0,
cars2,cars2_queen_s_guard,Queen'S Guard,QUEEN'S GUARD,M,,False,False,False,1,4,0,
cars2,cars2_stephenson,Stephenson,STEPHENSON,M,,False,True,False,1,6,0,
findingnemo,findingnemo_marlin,Marlin,MARLIN,M,,True,True,True,366,3322,0,
findingnemo,findingnemo_dory,Dory,DORY,F,,False,True,True,248,1808,0,
findingnemo,findingnemo_nemo,Nemo,NEMO,M,,False,True,True,153,647,0,
findingnemo,findingnemo_gill,Gill,GILL,M,,False,True,True,89,760,0,
findingnemo,findingnemo_bloat,Bloat,BLOAT,M,,False,True,True,42,469,0,
findingnemo,findingnemo_gurgle,Gurgle,GURGLE,M,,False,True,True,39,194,0,
findingnemo,findingnemo_peach,Peach,PEACH,F,,False,True,True,39,291,0,
findingnemo,findingnemo_bruce,Bruce,BRUCE,M,,False,True,True,38,280,0,
findingnemo,findingnemo_nigel,Nigel,NIGEL,M,,False,True,True,35,426,0,
findingnemo,findingnemo_crush,Crush,CRUSH,M,,False,True,True,29,272,0,
findingnemo,findingnemo_dentist,Dentist,DENTIST,M,,False,True,True,29,324,0,referred to by role; named character (Philip Sherman)
findingnemo,findingnemo_deb,Deb,DEB,F,,False,True,True,24,120,0,
findingnemo,findingnemo_mr_ray,Mr. Ray,MR. RAY,M,,False,True,True,21,320,0,
findingnemo,findingnemo_chum,Chum,CHUM,M,,False,True,True,18,126,0,
findingnemo,findingnemo_coral,Coral,CORAL,F,,False,True,True,17,128,0,
findingnemo,findingnemo_moonfish_leader,Moonfish Leader,MOONFISH LEADER,M,,False,False,False,16,188,0,"descriptive label, not a proper name"
findingnemo,findingnemo_darla,Darla,DARLA,F,,False,True,True,15,52,0,
findingnemo,findingnemo_anchor,Anchor,ANCHOR,M,,False,True,True,14,64,0,
findingnemo,findingnemo_bubbles,Bubbles,BUBBLES,M,,False,True,True,14,47,0,
findingnemo,findingnemo_squirt,Squirt,SQUIRT,M,,False,True,True,12,92,0,
findingnemo,findingnemo_crab,Crab,CRAB | CRAB 1 | CRAB 2,M,,False,False,False,11,85,0,
findingnemo,findingnemo_jacques,Jacques,JACQUES,M,,False,True,True,11,25,0,
findingnemo,findingnemo_bob,Bob,BOB,M,,False,True,True,10,56,0,
findingnemo,findingnemo_tad,Tad,TAD,M,,False,True,True,9,51,0,
findingnemo,findingnemo_gulls,Gulls,GULLS,M,,False,False,False,8,45,0,collective
findingnemo,findingnemo_marlin_dory,Marlin/Dory,MARLIN/DORY,Both,,False,False,False,7,13,0,combined-speaker label
findingnemo,findingnemo_turtle_kid,Turtle Kid,TURTLE KID | TURTLE KID 1 | TURTLE KID 2 | TURTLE KID 3 | TURTLE KID 4 | TURTLE KID 5 | TURTLE KID 6,Unknown,,False,False,False,7,44,0,
findingnemo,findingnemo_pearl,Pearl,PEARL,F,,False,True,True,6,47,0,
findingnemo,findingnemo_pelican,Pelican,PELICAN,M,,False,False,False,6,47,0,
findingnemo,findingnemo_barbara,Barbara,BARBARA,F,,False,True,True,5,15,0,
findingnemo,findingnemo_fish,Fish,FISH,Unknown,,False,False,False,5,27,0,
findingnemo,findingnemo_sheldon,Sheldon,SHELDON,M,,False,True,True,5,33,0,
findingnemo,findingnemo_bill,Bill,BILL,M,,False,True,False,4,42,0,
findingnemo,findingnemo_bloat_bubbles_gurgle,Bloat/Bubbles/Gurgle,BLOAT/BUBBLES/GURGLE,M,,False,False,False,4,46,0,combined-speaker label
findingnemo,findingnemo_crab_1_crab,Crab 1/Crab,CRAB 1/CRAB 2,M,,False,False,False,4,18,0,combined-speaker label
findingnemo,findingnemo_gull,Gull,GULL,M,,False,False,False,4,4,0,
findingnemo,findingnemo_kids,Kids,KIDS,Both,,False,False,False,4,7,0,collective
findingnemo,findingnemo_patient,Patient,PATIENT,Unknown,,False,False,False,4,15,0,
findingnemo,findingnemo_ted,Ted,TED,M,,False,True,False,4,7,0,
findingnemo,findingnemo_bruce_anchor_chum,Bruce/Anchor/Chum,BRUCE/ANCHOR/CHUM,M,,False,False,False,3,30,0,combined-speaker label
findingnemo,findingnemo_male_bird,Male Bird,MALE BIRD 1 | MALE BIRD 2 | MALE BIRD 3,M,,False,False,False,3,36,0,
findingnemo,findingnemo_turtle_kids,Turtle Kids,TURTLE KIDS,Both,,False,False,False,3,7,0,collective
findingnemo,findingnemo_anchor_chum,Anchor/Chum,ANCHOR/CHUM,M,,False,False,False,2,3,0,combined-speaker label
findingnemo,findingnemo_small_fish,Small Fish,SMALL FISH,Unknown,,False,False,False,2,17,0,
findingnemo,findingnemo_big_fish,Big Fish,BIG FISH,Unknown,,False,False,False,1,3,0,
findingnemo,findingnemo_bob_ted,Bob/Ted,BOB/TED,M,,False,False,False,1,9,0,combined-speaker label
findingnemo,findingnemo_bob_ted_bill,Bob/Ted/Bill,BOB/TED/BILL,M,,False,False,False,1,6,0,combined-speaker label
findingnemo,findingnemo_crab_kid,Crab Kid,CRAB KID,Unknown,,False,False,False,1,9,0,
findingnemo,findingnemo_crush_squirt,Crush/Squirt,CRUSH/SQUIRT,M,,False,False,False,1,1,0,combined-speaker label
findingnemo,findingnemo_deb_bloat_gurgle,Deb/Bloat/Gurgle,DEB/BLOAT/GURGLE,Both,,False,False,False,1,1,0,combined-speaker label
findingnemo,findingnemo_diver,Diver,DIVER,M,,False,False,False,1,3,0,
findingnemo,findingnemo_dolphin,Dolphin,DOLPHIN,Unknown,,False,False,False,1,16,0,
findingnemo,findingnemo_female_bird,Female Bird,FEMALE BIRD,F,,False,False,False,1,18,0,
findingnemo,findingnemo_fish_kid,Fish Kid,FISH KID,Unknown,,False,False,False,1,8,0,
findingnemo,findingnemo_fish_kids,Fish Kids,FISH KIDS,Both,,False,False,False,1,2,0,collective
findingnemo,findingnemo_fish_mom,Fish Mom,FISH MOM,F,,False,False,False,1,6,0,
findingnemo,findingnemo_jimmy,Jimmy,JIMMY,M,,False,True,False,1,2,0,
findingnemo,findingnemo_krill,Krill,KRILL,Unknown,,False,False,False,1,2,0,
findingnemo,findingnemo_lobster,Lobster,LOBSTER,Unknown,,False,False,False,1,31,0,
findingnemo,findingnemo_moonfish_ted,Moonfish Ted,MOONFISH TED,M,,False,False,False,1,2,0,combined-speaker label
findingnemo,findingnemo_mr_johanssen,Mr. Johanssen,MR. JOHANSSEN,M,,False,True,False,1,16,0,
findingnemo,findingnemo_nemo_squirt,Nemo/Squirt,NEMO/SQUIRT,M,,False,False,False,1,1,0,combined-speaker label
findingnemo,findingnemo_pelicans,Pelicans,PELICANS,M,,False,False,False,1,3,0,collective
findingnemo,findingnemo_swordfish,Swordfish,SWORDFISH,Unknown,,False,False,False,1,24,0,
frozen_2013,frozen_2013_anna,Anna,ANNA | ANNA (9) | ANNA (CONT'D) | ANNA (O.S.) | ANNA(CONT'D) | TEEN ANNA | YOUNG ANNA | YOUNG ANNA (CONT'D),F,,True,True,True,329,1869,422,
frozen_2013,frozen_2013_kristoff,Kristoff,KRISTOFF | KRISTOFF (CONT'D) | KRISTOFF(CONT'D) | YOUNG KRISTOFF,M,,False,True,True,169,978,68,
frozen_2013,frozen_2013_elsa,Elsa,ELSA | ELSA (12) | ELSA (CONT'D) | ELSA (O.S.) | TEEN ELSA | YOUNG ELSA | YOUNG ELSA (CONT'D) | YOUNG ELSA (O.S.),F,,False,True,True,110,440,375,
frozen_2013,frozen_2013_olaf,Olaf,OLAF | OLAF (CONT'D) | OLAF (O.S.),M,,False,True,True,107,773,188,
frozen_2013,frozen_2013_hans,Hans,HANS | HANS (CONT'D),M,,False,True,True,87,587,28,
frozen_2013,frozen_2013_duke,Duke,DUKE | DUKE (CONT'D) | DUKE (O.S.),M,,False,True,True,29,339,0,
frozen_2013,frozen_2013_oaken,Oaken,OAKEN | OAKEN (CONT'D) | OAKEN (O.S.),M,,False,True,True,13,140,0,
frozen_2013,frozen_2013_both,Both,BOTH | BOTH (CONT'D),Both,,False,False,False,12,46,37,combined-speaker label
frozen_2013,frozen_2013_kai,Kai,KAI | KAI (CONT'D) | KAI (O.S.),M,,False,True,True,12,74,0,
frozen_2013,frozen_2013_king,King,KING | KING (CONT'D),M,,False,True,True,11,66,0,
frozen_2013,frozen_2013_trolls,Trolls,TROLLS | TROLLS (TOGETHER) | TROLLS (VARIOUS),Both,,False,False,False,11,19,301,collective
frozen_2013,frozen_2013_bulda,Bulda,BULDA | BULDA (CONT'D),F,,False,True,True,8,62,0,
frozen_2013,frozen_2013_grand_pabbie,Grand Pabbie,GRAND PABBIE | GRAND PABBIE (CONT'D),M,,False,True,True,8,111,0,
frozen_2013,frozen_2013_ice_harvesters,Ice Harvesters,ICE HARVESTERS | ICE HARVESTERS (CONT'D),M,,False,False,False,8,8,133,collective
frozen_2013,frozen_2013_gerda,Gerda,GERDA,F,,False,True,False,4,29,0,
frozen_2013,frozen_2013_spanish_dignitary,Spanish Dignitary,SPANISH DIGNITARY,M,,False,False,False,4,25,0,
frozen_2013,frozen_2013_bishop,Bishop,BISHOP | BISHOP (CONT'D),M,,False,False,False,3,27,0,
frozen_2013,frozen_2013_citizen_one,Citizen One,CITIZEN ONE,Unknown,,False,False,False,3,18,0,
frozen_2013,frozen_2013_crowd,Crowd,CROWD,Both,,False,False,False,3,29,0,collective
frozen_2013,frozen_2013_marshmallow,Marshmallow,MARSHMALLOW,M,,False,True,False,3,7,0,
frozen_2013,frozen_2013_pabbie,Pabbie,PABBIE | PABBIE (CONT'D),M,,False,True,False,3,24,0,possible duplicate of Grand Pabbie
frozen_2013,frozen_2013_boy,Boy,BOY,M,,False,False,False,2,11,0,
frozen_2013,frozen_2013_citizen_two,Citizen Two,CITIZEN TWO,Unknown,,False,False,False,2,6,0,
frozen_2013,frozen_2013_french_dignitary,French Dignitary,FRENCH DIGNITARY,M,,False,False,False,2,27,0,
frozen_2013,frozen_2013_guard,Guard,GUARD | GUARD (O.S.),M,,False,False,False,2,10,0,
frozen_2013,frozen_2013_kid_troll,Kid Troll,KID TROLL,Unknown,,False,False,False,2,0,19,
frozen_2013,frozen_2013_queen,Queen,QUEEN,F,,False,True,False,2,4,0,
frozen_2013,frozen_2013_troll_priest,Troll Priest,TROLL PRIEST,M,,False,False,False,2,13,0,
frozen_2013,frozen_2013_aggie,Aggie,AGGIE,F,,False,True,False,1,7,0,
frozen_2013,frozen_2013_all_trolls,All Trolls,ALL TROLLS,Both,,False,False,False,1,0,27,collective
frozen_2013,frozen_2013_anna_and_elsa,Anna And Elsa,ANNA AND ELSA (TOGETHER),F,,False,False,False,1,1,0,combined-speaker label
frozen_2013,frozen_2013_anna_hans,Anna/Hans,ANNA/HANS,Both,,False,False,False,1,2,0,combined-speaker label
frozen_2013,frozen_2013_bowing_townsman,Bowing Townsman,BOWING TOWNSMAN,M,,False,False,False,1,2,0,
frozen_2013,frozen_2013_crowd_wallah,Crowd Wallah,CROWD WALLAH,Both,,False,False,False,1,3,0,"film sound term (background crowd murmur), not a character"
frozen_2013,frozen_2013_dock_master,Dock Master,DOCK MASTER,M,,False,False,False,1,3,0,
frozen_2013,frozen_2013_duke_s_thug,Duke'S Thug,DUKE'S THUG,M,,False,False,False,1,2,0,
frozen_2013,frozen_2013_elsa_king,Elsa & King,YOUNG ELSA & KING,Both,,False,False,False,1,4,0,combined-speaker label
frozen_2013,frozen_2013_girl_trolls,Girl Trolls,GIRL TROLLS,F,,False,False,False,1,7,0,collective
frozen_2013,frozen_2013_irishman,Irishman,IRISHMAN,M,,False,False,False,1,18,0,
frozen_2013,frozen_2013_kidney_stone_troll,Kidney Stone Troll,KIDNEY STONE TROLL,Unknown,,False,False,False,1,5,0,
frozen_2013,frozen_2013_mother,Mother,MOTHER,F,,False,False,False,1,10,0,
frozen_2013,frozen_2013_mushroom_kid_troll,Mushroom Kid Troll,MUSHROOM KID TROLL,Unknown,,False,False,False,1,8,0,
frozen_2013,frozen_2013_naked_family,Naked Family,NAKED FAMILY,Both,,False,False,False,1,2,0,collective
frozen_2013,frozen_2013_olaf_and_kristoff,Olaf And Kristoff,OLAF AND KRISTOFF,M,,False,False,False,1,1,0,combined-speaker label
frozen_2013,frozen_2013_persi,Persi,PERSI,Unknown,,False,True,False,1,9,0,
frozen_2013,frozen_2013_pick_me_up_troll,Pick Me Up Troll,PICK ME UP TROLL,Unknown,,False,False,False,1,3,0,
frozen_2013,frozen_2013_thug,Thug,THUG,M,,False,False,False,1,4,0,
frozen_2013,frozen_2013_townswoman,Townswoman,TOWNSWOMAN (O.S.),F,,False,False,False,1,3,0,
frozen_2013,frozen_2013_townswoman_with_baby,Townswoman With Baby,TOWNSWOMAN WITH BABY,F,,False,False,False,1,6,0,
frozen_2013,frozen_2013_troll_one,Troll One,TROLL ONE,Unknown,,False,False,False,1,5,0,
frozen_2013,frozen_2013_troll_scout_kid,Troll Scout Kid,TROLL SCOUT KID,Unknown,,False,False,False,1,6,0,
frozen_2013,frozen_2013_troll_two,Troll Two,TROLL TWO,Unknown,,False,False,False,1,9,0,
frozen_2013,frozen_2013_various_dignitaries,Various Dignitaries,VARIOUS DIGNITARIES,Both,,False,False,False,1,4,0,collective
incredibles_2_2018,incredibles_2_2018_bob,Bob,Bob | Mr. Incredible,M,,True,True,True,234,2370,33,
incredibles_2_2018,incredibles_2_2018_elastigirl,Elastigirl,Elastigirl | Helen,F,,False,True,True,204,2074,0,
incredibles_2_2018,incredibles_2_2018_violet,Violet,Violet,F,,False,True,True,127,1233,15,
incredibles_2_2018,incredibles_2_2018_dash,Dash,Dash,M,,False,True,True,100,538,0,
incredibles_2_2018,incredibles_2_2018_evelyn,Evelyn,Evelyn | Screenslaver,F,,False,True,True,101,1152,3,Evelyn Deavor / Screenslaver
incredibles_2_2018,incredibles_2_2018_winston,Winston,Winston,M,,False,True,True,59,1244,0,
incredibles_2_2018,incredibles_2_2018_tony,Tony,Tony | Tony Rydinger,M,,False,True,True,31,313,3,
incredibles_2_2018,incredibles_2_2018_frozone,Frozone,Frozone | Lucius,M,,False,True,True,45,456,0,
incredibles_2_2018,incredibles_2_2018_edna,Edna,Edna,F,,False,True,True,17,483,30,
incredibles_2_2018,incredibles_2_2018_voyd,Voyd,Voyd,F,,False,True,True,17,178,0,
incredibles_2_2018,incredibles_2_2018_rick,Rick,Rick | Rick Dicker,M,,False,True,True,15,196,0,Rick Dicker
incredibles_2_2018,incredibles_2_2018_chad,Chad,Chad,M,,False,True,True,13,264,0,news reporter
incredibles_2_2018,incredibles_2_2018_ambassador,Ambassador,Ambassador,F,,False,False,True,10,84,0,
incredibles_2_2018,incredibles_2_2018_jack_jack,Jack-Jack,Jack-Jack,M,,False,True,True,9,19,0,
incredibles_2_2018,incredibles_2_2018_underminer,Underminer,Underminer,M,,False,True,True,7,136,0,
incredibles_2_2018,incredibles_2_2018_man,Man,Man,M,,False,False,True,6,36,0,
incredibles_2_2018,incredibles_2_2018_tommy,Tommy,Tommy,M,,False,True,False,4,24,0,
incredibles_2_2018,incredibles_2_2018_brick,Brick,Brick,F,,False,True,False,3,6,0,
incredibles_2_2018,incredibles_2_2018_crew_member,Crew Member,Crew member,M,,False,False,False,3,10,3,
incredibles_2_2018,incredibles_2_2018_dispatcher,Dispatcher,Dispatcher,M,,False,False,False,3,22,0,
incredibles_2_2018,incredibles_2_2018_jonny_quest,Jonny Quest,Jonny Quest,M,,False,True,False,3,17,0,
incredibles_2_2018,incredibles_2_2018_krushauer,Krushauer,Krushauer,M,,False,True,False,3,23,0,
incredibles_2_2018,incredibles_2_2018_mayor,Mayor,Mayor,M,,False,False,False,3,58,0,
incredibles_2_2018,incredibles_2_2018_bodyguard,Bodyguard,Bodyguard,M,,False,False,False,2,11,0,
incredibles_2_2018,incredibles_2_2018_both,Both,Both,Both,,False,False,False,2,7,0,parser artifact
incredibles_2_2018,incredibles_2_2018_buyer,Buyer,Buyer,M,,False,False,False,2,26,0,
incredibles_2_2018,incredibles_2_2018_dr_quest,Dr. Quest,Dr. Quest,M,,False,True,False,2,9,0,
incredibles_2_2018,incredibles_2_2018_news_anchor,News Anchor,News anchor,F,,False,False,False,2,26,0,
incredibles_2_2018,incredibles_2_2018_officer,Officer,Officer,M,,False,False,False,2,5,0,
incredibles_2_2018,incredibles_2_2018_pizza_delivery_guy,Pizza Delivery Guy,Pizza Delivery Guy,M,,False,False,False,2,16,0,
incredibles_2_2018,incredibles_2_2018_producer,Producer,Producer,M,,False,False,False,2,10,0,
incredibles_2_2018,incredibles_2_2018_reporter,Reporter,Reporter,F,,False,False,False,2,70,0,
incredibles_2_2018,incredibles_2_2018_violet_and_dash,Violet And Dash,Violet and Dash,Both,,False,False,False,2,7,0,parser artifact
incredibles_2_2018,incredibles_2_2018_woman,Woman,Woman,F,,False,False,False,2,13,0,
incredibles_2_2018,incredibles_2_2018_cameraman,Cameraman,Cameraman,M,,False,False,False,1,2,0,
incredibles_2_2018,incredibles_2_2018_cop,Cop,Cop,M,,False,False,False,1,6,0,
incredibles_2_2018,incredibles_2_2018_driver,Driver,Driver,M,,False,False,False,1,2,0,
incredibles_2_2018,incredibles_2_2018_employee,Employee,Employee,M,,False,False,False,1,11,0,
incredibles_2_2018,incredibles_2_2018_frozone_and_winston,Frozone And Winston,Frozone and Winston,Both,,False,False,False,1,5,0,parser artifact
incredibles_2_2018,incredibles_2_2018_he_lectrix,He-Lectrix,He-Lectrix,M,,False,True,False,1,14,0,
incredibles_2_2018,incredibles_2_2018_honey,Honey,Honey,F,,False,True,False,1,14,0,Honey Best / Frozone's wife
incredibles_2_2018,incredibles_2_2018_interviewer,Interviewer,Interviewer,F,,False,False,False,1,11,0,
incredibles_2_2018,incredibles_2_2018_judge,Judge,Judge,M,,False,False,False,1,18,0,
incredibles_2_2018,incredibles_2_2018_mr_incredible_and_frozone,Mr. Incredible And Frozone,Mr. Incredible and Frozone,Both,,False,False,False,1,4,0,parser artifact
incredibles_2_2018,incredibles_2_2018_mr_incredible_and_winston,Mr. Incredible And Winston,Mr. Incredible and Winston,Both,,False,False,False,1,10,0,parser artifact
incredibles_2_2018,incredibles_2_2018_old_lady,Old Lady,Old Lady,F,,False,False,False,1,25,0,
incredibles_2_2018,incredibles_2_2018_passenger,Passenger,Passenger,M,,False,False,False,1,5,0,
incredibles_2_2018,incredibles_2_2018_pilot,Pilot,Pilot,M,,False,False,False,1,6,0,
incredibles_2_2018,incredibles_2_2018_pilots_and_bodyguard,Pilots And Bodyguard,Pilots and bodyguard,Both,,False,False,False,1,1,0,parser artifact/group
incredibles_2_2018,incredibles_2_2018_race,Race,Race,M,,False,False,False,1,2,0,
incredibles_2_2018,incredibles_2_2018_reflux,Reflux,Reflux,M,,False,True,False,1,24,0,
incredibles_2_2018,incredibles_2_2018_screech,Screech,Screech,M,,False,True,False,1,14,0,
incredibles_2_2018,incredibles_2_2018_the_parr_family,The Parr Family,The Parr family,Both,,False,False,False,1,1,0,group label
incredibles_2_2018,incredibles_2_2018_victor_catchet,Victor Catchet,Victor Catchet,M,,False,True,False,1,6,0,Interpol agent
inside_out_2015,inside_out_2015_joy,Joy,JOY | Joy,F,,True,True,True,298,3418,54,
inside_out_2015,inside_out_2015_sadness,Sadness,SADNESS | Sadness,F,,False,True,True,118,909,1,
inside_out_2015,inside_out_2015_fear,Fear,FEAR | Fear,M,,False,True,True,101,820,3,
inside_out_2015,inside_out_2015_anger,Anger,ANGER | Anger,M,,False,True,True,87,666,17,
inside_out_2015,inside_out_2015_disgust,Disgust,DISGUST | Disgust,F,,False,True,True,81,738,0,
inside_out_2015,inside_out_2015_bing_bong,Bing Bong,BING BONG | Bing Bong,M,,False,True,True,78,1122,13,
inside_out_2015,inside_out_2015_riley,Riley,RILEY | RILEY VOICE | Riley | Young Riley,F,,False,True,True,53,408,16,
inside_out_2015,inside_out_2015_mrs_andersen,Mrs. Andersen,MOM | Mom | Mrs. Andersen,F,,False,True,True,53,533,0,
inside_out_2015,inside_out_2015_mr_andersen,Mr. Andersen,DAD | Dad | Mr. Andersen,M,,False,True,True,36,322,0,
inside_out_2015,inside_out_2015_female_forgetter,Female Forgetter,FEMALE FORGETTER,F,,False,False,True,11,100,0,
inside_out_2015,inside_out_2015_male_forgetter,Male Forgetter,MALE FORGETTER | Male Forgetter,M,,False,False,True,11,103,0,
inside_out_2015,inside_out_2015_subconscious_guard_frank,Subconscious Guard Frank,SUBCONSCIOUS GUARD FRANK,M,,False,False,True,9,43,0,
inside_out_2015,inside_out_2015_dream_director,Dream Director,DREAM DIRECTOR | Dream Director,F,,False,False,True,8,151,0,voiced by Paula Pell
inside_out_2015,inside_out_2015_subconscious_guard_dave,Subconscious Guard Dave,SUBCONSCIOUS GUARD DAVE,M,,False,False,True,8,54,0,
inside_out_2015,inside_out_2015_dad_s_anger,Dad's Anger,Dad's Anger,M,,False,False,True,7,66,0,
inside_out_2015,inside_out_2015_dad_s_fear,Dad's Fear,Dad's Fear,M,,False,False,True,7,52,0,
inside_out_2015,inside_out_2015_mom_s_sadness,Mom's Sadness,Mom's Sadness,F,,False,False,True,6,43,0,
inside_out_2015,inside_out_2015_jangles,Jangles,JANGLES | Jangles,M,,False,True,True,5,60,0,
inside_out_2015,inside_out_2015_teacher,Teacher,Teacher,F,,False,False,True,5,91,0,
inside_out_2015,inside_out_2015_meg,Meg,Meg,F,,False,True,False,4,59,0,Riley's friend from Minnesota
inside_out_2015,inside_out_2015_mom_s_anger,Mom's Anger,Mom's Anger,F,,False,False,False,4,24,0,
inside_out_2015,inside_out_2015_mom_s_disgust,Mom's Disgust,Mom's Disgust,F,,False,False,False,4,21,0,
inside_out_2015,inside_out_2015_hockey_coach,Hockey Coach,Hockey Coach,M,,False,False,False,3,20,0,
inside_out_2015,inside_out_2015_imaginary_boyfriend,Imaginary Boyfriend,IMAGINARY BOYFRIEND,M,,False,False,False,3,19,0,
inside_out_2015,inside_out_2015_another_memory,Another Memory,Another memory,F,,False,False,False,2,7,0,
inside_out_2015,inside_out_2015_brazilian_helicopter_pilot,Brazilian Helicopter Pilot,Brazilian Helicopter Pilot,M,,False,False,False,2,10,0,
inside_out_2015,inside_out_2015_female_mind_worker,Female Mind Worker,Female Mind Worker,F,,False,False,False,2,30,0,
inside_out_2015,inside_out_2015_house_of_cards_worker,House Of Cards Worker,HOUSE OF CARDS WORKER,M,,False,False,False,2,27,0,
inside_out_2015,inside_out_2015_memory,Memory,MEMORY,F,,False,False,False,2,22,0,
inside_out_2015,inside_out_2015_memory_young_meg,Memory Young Meg,Memory Young Meg,F,,False,False,False,2,2,0,
inside_out_2015,inside_out_2015_mom_s_joy,Mom's Joy,Mom's Joy,F,,False,False,False,2,3,0,
inside_out_2015,inside_out_2015_pizza_girl_s_anger,Pizza Girl's Anger,Pizza Girl's Anger,F,,False,False,False,2,9,0,
inside_out_2015,inside_out_2015_pizza_girl_s_disgust,Pizza Girl's Disgust,Pizza Girl's Disgust,F,,False,False,False,2,9,0,
inside_out_2015,inside_out_2015_bing_bong_joy,Bing Bong/Joy,BING BONG/JOY,Both,,False,False,False,1,4,0,parser artifact
inside_out_2015,inside_out_2015_both,Both,Both,Both,,False,False,False,1,2,0,parser artifact
inside_out_2015,inside_out_2015_boyfriend_generator_worker,Boyfriend Generator Worker,BOYFRIEND GENERATOR WORKER,M,,False,False,False,1,2,0,
inside_out_2015,inside_out_2015_bus_driver_s_red_anger,Bus Driver's Red Anger,Bus Driver's Red Anger,M,,False,False,False,1,18,0,
inside_out_2015,inside_out_2015_cloud_man,Cloud Man,CLOUD MAN,M,,False,False,False,1,16,0,
inside_out_2015,inside_out_2015_cloud_witness,Cloud Witness,CLOUD WITNESS,M,,False,False,False,1,23,0,
inside_out_2015,inside_out_2015_cool_girl,Cool Girl,Cool Girl,F,,False,False,False,1,3,0,
inside_out_2015,inside_out_2015_cool_girl_s_anger,Cool Girl's Anger,Cool Girl's Anger,F,,False,False,False,1,7,0,
inside_out_2015,inside_out_2015_cool_girl_s_fear,Cool Girl's Fear,Cool Girl's Fear,F,,False,False,False,1,12,0,
inside_out_2015,inside_out_2015_cool_girl_s_sadness,Cool Girl's Sadness,Cool Girl's Sadness,F,,False,False,False,1,5,0,
inside_out_2015,inside_out_2015_dream_bear,Dream Bear,Dream Bear,M,,False,False,False,1,5,0,
inside_out_2015,inside_out_2015_dream_mouse,Dream Mouse,Dream Mouse,M,,False,False,False,1,6,0,
inside_out_2015,inside_out_2015_dream_mr_andersen,Dream Mr. Andersen,Dream Mr. Andersen,M,,False,False,False,1,7,0,
inside_out_2015,inside_out_2015_dream_pizza,Dream Pizza,Dream Pizza,M,,False,False,False,1,4,0,non-character object
inside_out_2015,inside_out_2015_dream_productions_cop,Dream Productions Cop,DREAM PRODUCTIONS COP,M,,False,False,False,1,22,0,
inside_out_2015,inside_out_2015_emotions,Emotions,Emotions,Both,,False,False,False,1,1,0,group label
inside_out_2015,inside_out_2015_fear_and_sadness,Fear And Sadness,Fear and Sadness,Both,,False,False,False,1,1,0,parser artifact
inside_out_2015,inside_out_2015_hockey_announcer,Hockey Announcer,Hockey Announcer,M,,False,False,False,1,10,0,
inside_out_2015,inside_out_2015_imaginary_boyfriends,Imaginary Boyfriends,IMAGINARY BOYFRIENDS,M,,False,False,False,1,2,0,
inside_out_2015,inside_out_2015_jangles_joy,Jangles' Joy,Jangles' Joy,F,,False,False,False,1,7,0,
inside_out_2015,inside_out_2015_male_mind_worker,Male Mind Worker,Male Mind Worker,M,,False,False,False,1,2,0,
inside_out_2015,inside_out_2015_memory_mr_andersen,Memory Mr. Andersen,Memory Mr. Andersen,M,,False,False,False,1,7,0,
inside_out_2015,inside_out_2015_mind_worker,Mind Worker,Mind Worker,M,,False,False,False,1,6,0,
inside_out_2015,inside_out_2015_mom_s_fear,Mom's Fear,Mom's Fear,F,,False,False,False,1,8,0,
inside_out_2015,inside_out_2015_pizza_girl,Pizza Girl,Pizza Girl,F,,False,False,False,1,4,0,
inside_out_2015,inside_out_2015_pizza_girl_s_fear,Pizza Girl's Fear,Pizza Girl's Fear,F,,False,False,False,1,2,0,
inside_out_2015,inside_out_2015_pizza_girl_s_joy,Pizza Girl's Joy,Pizza Girl's Joy,F,,False,False,False,1,2,0,
inside_out_2015,inside_out_2015_teacher_s_disgust,Teacher's Disgust,Teacher's Disgust,F,,False,False,False,1,5,0,
inside_out_2015,inside_out_2015_teacher_s_joy,Teacher's Joy,Teacher's Joy,F,,False,False,False,1,10,0,
inside_out_2015,inside_out_2015_teacher_s_sadness,Teacher's Sadness,Teacher's Sadness,F,,False,False,False,1,10,0,
inside_out_2015,inside_out_2015_train_engineer,Train Engineer,TRAIN ENGINEER,M,,False,False,False,1,8,0,voiced by Patrick Seitz
inside_out_2015,inside_out_2015_worker_fritz,Worker Fritz,WORKER FRITZ,M,,False,True,False,1,15,0,voiced by John Ratzenberger
monsters_inc_2001,monsters_inc_2001_mike,Mike,Mike,M,,False,True,True,312,3282,159,
monsters_inc_2001,monsters_inc_2001_sulley,Sulley,Sulley,M,,True,True,True,260,1631,33,
monsters_inc_2001,monsters_inc_2001_waternoose,Waternoose,Waternoose,M,,False,True,True,73,775,29,
monsters_inc_2001,monsters_inc_2001_randall,Randall,Randall,M,,False,True,True,64,538,21,
monsters_inc_2001,monsters_inc_2001_celia,Celia,Celia,F,,False,True,True,41,270,1,
monsters_inc_2001,monsters_inc_2001_boo,Boo,Boo,F,,False,True,True,36,67,2,
monsters_inc_2001,monsters_inc_2001_cda_agent,Cda Agent,CDA agent | CDA agent #1 | CDA agent #2 | CDA agent #3 | CDA agent #4 | CDA agent #5 | CDA agent #82472,Unknown,"grouped numbered CDA agents (CDA agent #N); individual agents not distinguished, gender not stated",False,True,False,32,167,4,grouped: all numbered CDA agent #N speakers collapsed into one character
monsters_inc_2001,monsters_inc_2001_fungus,Fungus,Fungus,M,,False,True,True,18,147,1,
monsters_inc_2001,monsters_inc_2001_needleman,Needleman,Needleman,M,,False,True,True,14,78,0,
monsters_inc_2001,monsters_inc_2001_roz,Roz,Roz,F,,False,True,True,14,126,15,
monsters_inc_2001,monsters_inc_2001_yeti,Yeti,Yeti,M,,False,True,True,13,262,6,voiced by John Ratzenberger
monsters_inc_2001,monsters_inc_2001_jerry,Jerry,Jerry,M,,False,True,True,12,84,0,"Jerry Slugworth, floor manager"
monsters_inc_2001,monsters_inc_2001_charlie,Charlie,Charlie,M,,False,True,True,8,70,0,
monsters_inc_2001,monsters_inc_2001_george,George,George,M,,False,True,True,8,43,0,George Sanderson
monsters_inc_2001,monsters_inc_2001_ms_flint,Ms. Flint,Ms. Flint,F,,False,True,True,8,73,0,
monsters_inc_2001,monsters_inc_2001_sulley_and_mike,Sulley And Mike,Sulley and Mike,Both,,False,False,False,8,7,1,parser artifact
monsters_inc_2001,monsters_inc_2001_smitty,Smitty,Smitty,M,,False,True,True,7,35,0,
monsters_inc_2001,monsters_inc_2001_announcer,Announcer,Announcer,M,,False,False,False,4,68,0,
monsters_inc_2001,monsters_inc_2001_bile,Bile,Bile,M,,False,True,False,4,27,0,
monsters_inc_2001,monsters_inc_2001_tony,Tony,Tony,M,,False,True,False,3,16,0,
monsters_inc_2001,monsters_inc_2001_ward_s_assistant,Ward's Assistant,Ward's assistant,F,,False,True,False,3,23,0,
monsters_inc_2001,monsters_inc_2001_animatronic_boy,Animatronic Boy,Animatronic Boy,M,,False,True,False,2,9,0,
monsters_inc_2001,monsters_inc_2001_cda_agents,Cda Agents,CDA agents,M,,False,True,False,2,22,0,group
monsters_inc_2001,monsters_inc_2001_computer_voice,Computer Voice,Computer voice,F,,False,True,False,2,18,0,
monsters_inc_2001,monsters_inc_2001_computerized_voice,Computerized Voice,Computerized Voice,F,,False,True,False,2,14,0,
monsters_inc_2001,monsters_inc_2001_day_care_worker,Day Care Worker,Day care worker,F,,False,True,False,2,12,0,
monsters_inc_2001,monsters_inc_2001_lead_cda_agent,Lead Cda Agent,Lead CDA Agent,M,,False,True,False,2,18,0,
monsters_inc_2001,monsters_inc_2001_mother,Mother,Mother,F,,False,True,False,2,6,0,
monsters_inc_2001,monsters_inc_2001_nick_schmidt,Nick Schmidt,Nick Schmidt,M,,False,True,False,2,17,0,
monsters_inc_2001,monsters_inc_2001_photographer,Photographer,Photographer,M,,False,True,False,2,3,4,
monsters_inc_2001,monsters_inc_2001_redneck_boy,Redneck Boy,Redneck boy,M,,False,True,False,2,13,0,
monsters_inc_2001,monsters_inc_2001_ward,Ward,Ward,M,,False,True,False,2,19,0,
monsters_inc_2001,monsters_inc_2001_employee,Employee,Employee #1 | Employee #2,Unknown,grouped numbered anonymous speakers; gender not stated,False,True,False,2,7,0,grouped: numbered anonymous speakers collapsed into one character
monsters_inc_2001,monsters_inc_2001_interviewee,Interviewee,Interviewee #1 | Interviewee #2,Unknown,grouped numbered anonymous speakers; gender not stated,False,True,False,2,28,0,grouped: numbered anonymous speakers collapsed into one character
monsters_inc_2001,monsters_inc_2001_betty,Betty,Betty,F,,False,True,False,1,3,0,
monsters_inc_2001,monsters_inc_2001_blobby,Blobby,Blobby,M,,False,True,False,1,2,0,
monsters_inc_2001,monsters_inc_2001_cda_helicopter_pilot,Cda Helicopter Pilot,CDA Helicopter Pilot,M,,False,True,False,1,8,0,
monsters_inc_2001,monsters_inc_2001_employee_walla,Employee Walla,Employee Walla,M,,False,True,False,1,6,0,
monsters_inc_2001,monsters_inc_2001_father,Father,Father,M,,False,True,False,1,3,0,
monsters_inc_2001,monsters_inc_2001_day_care_kid,Day Care Kid,Day care kid,M,,False,False,False,1,2,0,
monsters_inc_2001,monsters_inc_2001_day_care_kids,Day-care Kids,Day-care kids,Both,,False,False,False,1,2,0,group
monsters_inc_2001,monsters_inc_2001_josh_rivera,Josh Rivera,Josh Rivera,M,,False,True,False,1,1,0,
monsters_inc_2001,monsters_inc_2001_little_boy,Little Boy,Little Boy,M,,False,False,False,1,3,0,
monsters_inc_2001,monsters_inc_2001_miscellaneous_monster,Miscellaneous Monster,Miscellaneous Monster,M,,False,False,False,1,3,0,
monsters_inc_2001,monsters_inc_2001_monster_kid,Monster Kid,Monster Kid,M,,False,False,False,1,4,0,
monsters_inc_2001,monsters_inc_2001_monster_kids,Monster Kids,Monster Kids,Both,,False,False,False,1,14,0,group
monsters_inc_2001,monsters_inc_2001_monsters,Monsters,Monsters,Both,,False,False,False,1,3,0,group
monsters_inc_2001,monsters_inc_2001_frank,Frank,Frank,M,,False,True,False,1,2,0,
monsters_inc_2001,monsters_inc_2001_giant_eye_monster,Giant Eye Monster,Giant Eye Monster,M,,False,False,False,1,2,0,
monsters_inc_2001,monsters_inc_2001_needleman_and_smitty,Needleman And Smitty,Needleman and Smitty,Both,,False,False,False,1,1,0,parser artifact
monsters_inc_2001,monsters_inc_2001_multiple_day_care_kids,Multiple Day-Care Kids,Multiple day-care kids,Both,,False,False,False,1,2,0,group
monsters_inc_2001,monsters_inc_2001_newscaster,Newscaster,Newscaster,M,,False,False,False,1,20,0,
monsters_inc_2001,monsters_inc_2001_pupils_and_bile,Pupils And Bile,Pupils and Bile,Both,,False,False,False,1,1,0,parser artifact/group
monsters_inc_2001,monsters_inc_2001_ricky,Ricky,Ricky,M,,False,True,False,1,2,0,
monsters_inc_2001,monsters_inc_2001_scientist,Scientist,Scientist,M,,False,False,False,1,12,0,
monsters_inc_2001,monsters_inc_2001_random_assistant,Random Assistant,Random Assistant,M,,False,False,False,1,4,0,
monsters_inc_2001,monsters_inc_2001_redneck_mama,Redneck Mama,Redneck mama,F,,False,False,False,1,7,0,
monsters_inc_2001,monsters_inc_2001_sushi_chef,Sushi Chef,Sushi Chef,M,,False,False,False,1,8,0,
monsters_inc_2001,monsters_inc_2001_sneezing_monster,Sneezing Monster,Sneezing Monster,M,,False,False,False,1,2,0,
monsters_inc_2001,monsters_inc_2001_sushi_chefs,Sushi Chefs,Sushi Chefs,Both,,False,False,False,1,4,0,group
monsters_inc_2001,monsters_inc_2001_tiny_monster_husband,Tiny Monster Husband,Tiny Monster Husband,M,,False,False,False,1,3,0,
monsters_inc_2001,monsters_inc_2001_tongue_monster_kid,Tongue Monster Kid,Tongue Monster Kid,M,,False,False,False,1,4,0,
monsters_inc_2001,monsters_inc_2001_tiny_monster_wife,Tiny Monster Wife,Tiny Monster Wife,F,,False,False,False,1,5,0,
monsters_inc_2001,monsters_inc_2001_waiters,Waiters,Waiters,Both,,False,False,False,1,4,0,group
monsters_inc_2001,monsters_inc_2001_waiter,Waiter,Waiter,M,,False,False,False,1,3,0,
zootopia_2016,zootopia_2016_hopps,Hopps,HOPPS | HOPPS (CONT'D) | HOPPS (O.C.) | HOPPS (O.S.) | HOPPS (V.O.) | HOPPS(CONT'D) | HOPPS. | JUDY | JUDY (CONT'D) | YOUNG JUDY | YOUNG JUDY (CONT'D) | YOUNG JUDY (O.S.),F,,True,True,True,325,4759,0,corrected gender M→F (Judy Hopps)
zootopia_2016,zootopia_2016_nick,Nick,NICK | NICK (CONT'D) | NICK (O.S.) | NICK (V.O.) | YOUNG NICK | YOUNG NICK (CONT'D),M,,False,True,True,185,3509,0,
zootopia_2016,zootopia_2016_bogo,Bogo,BOGO | BOGO (CONT'D) | BOGO (O.S.) | BOGO (PRE-LAP),M,,False,True,True,53,731,0,
zootopia_2016,zootopia_2016_stu_hopps,Stu Hopps,STU HOPPS | STU HOPPS (CONT'D) | STU HOPPS (O.S.) | STU HOPPS (V.O.),M,,False,True,True,43,493,0,Judy's father
zootopia_2016,zootopia_2016_bellwether,Bellwether,BELLWETHER | BELLWETHER (CONT'D) | BELLWETHER (O.S.) | BELLWETHER (ON CARROT PEN RECORDER),F,,False,True,True,42,763,34,corrected gender M→F
zootopia_2016,zootopia_2016_bonnie_hopps,Bonnie Hopps,BONNIE HOPPS | BONNIE HOPPS (O.S.) | BONNIE HOPPS (V.O.),F,,False,True,True,35,320,0,Judy's mother
zootopia_2016,zootopia_2016_clawhauser,Clawhauser,CLAWHAUSER | CLAWHAUSER (CONT'D) | CLAWHAUSER (INTERCOM) | CLAWHAUSER (ON RADIO) | CLAWHAUSER(INTERCOM),M,,False,True,True,23,375,0,
zootopia_2016,zootopia_2016_flash,Flash,FLASH,M,,False,True,True,21,82,0,
zootopia_2016,zootopia_2016_lionheart,Lionheart,LIONHEART | LIONHEART (CONT'D) | LIONHEART (INTERCOM) | LIONHEART (O.S.),M,,False,True,True,20,354,0,
zootopia_2016,zootopia_2016_gideon_grey,Gideon Grey,ADULT GIDEON GREY | GIDEON GREY | GIDEON GREY (CONT'D) | GIDEON GREY (V.O.),M,,False,True,True,14,334,0,
zootopia_2016,zootopia_2016_duke_weaselton,Duke Weaselton,DUKE WEASELTON | DUKE WEASELTON (CONT'D) | DUKE WEASELTON (PRE-LAP) | DUKE WEASELTON (V.O.),M,,False,True,True,13,250,0,
zootopia_2016,zootopia_2016_mr_big,Mr. Big,MR. BIG,M,,False,True,True,13,302,0,
zootopia_2016,zootopia_2016_gazelle,Gazelle,GAZELLE | GAZELLE (ON PHONE) | GAZELLE (V.O.),F,,False,True,True,9,125,0,
zootopia_2016,zootopia_2016_mrs_otterton,Mrs. Otterton,MRS. OTTERTON | MRS. OTTERTON (CONT'D),F,,False,True,True,9,142,0,
zootopia_2016,zootopia_2016_reporter,Reporter,REPORTER | REPORTER (O.S.) | REPORTER 2 | REPORTER 3 | REPORTER 4 | REPORTER 5 | REPORTER 6,M,,False,False,True,9,89,0,multiple reporters merged
zootopia_2016,zootopia_2016_fru_fru_shrew,Fru Fru Shrew,FRU FRU SHREW,F,,False,True,True,7,91,0,corrected gender M→F
zootopia_2016,zootopia_2016_yax_the_hippie_yak,Yax The Hippie Yak,YAX | YAX THE HIPPIE YAK | YAX THE HIPPIE YAK (CONT'D),M,,False,True,True,13,262,0,corrected gender F→M
zootopia_2016,zootopia_2016_doug,Doug,DOUG | DOUG (CONT'D),M,,False,True,True,6,208,0,
zootopia_2016,zootopia_2016_major_friedkin,Major Friedkin,MAJOR FRIEDKIN | MAJOR FRIEDKIN (CONT'D) | MAJOR FRIEDKIN(CONT'D),F,,False,True,True,6,111,0,corrected gender M→F; female police academy instructor
zootopia_2016,zootopia_2016_mean_kid_animal,Mean Kid Animal,MEAN KID ANIMAL | MEAN KID ANIMAL (O.S.) | MEAN KID ANIMAL (V.O.),M,,False,False,True,6,105,0,
zootopia_2016,zootopia_2016_oryx_pootosser,Oryx Pootosser,ORYX POOTOSSER | ORYX POOTOSSER (O.S.),M,,False,True,True,6,54,0,
zootopia_2016,zootopia_2016_badger_doctor,Badger Doctor,BADGER DOCTOR,M,,False,False,True,5,78,0,
zootopia_2016,zootopia_2016_kudu_pootosser,Kudu Pootosser,KUDU POOTOSSER | KUDU POOTOSSER (O.S.),M,,False,False,True,5,33,0,
zootopia_2016,zootopia_2016_nangi,Nangi,NANGI,F,,False,True,True,5,32,0,
zootopia_2016,zootopia_2016_reveal,Reveal,Reveal,M,,False,False,False,5,49,0,parser artifact/stage direction
zootopia_2016,zootopia_2016_manchas,Manchas,MANCHAS | MANCHAS (MUFFLED INSIDE) | MANCHAS (THROUGH DOOR GAP),M,,False,True,False,4,116,0,
zootopia_2016,zootopia_2016_sharla,Sharla,SHARLA,F,,False,True,False,4,24,0,
zootopia_2016,zootopia_2016_finnick,Finnick,FINNICK,M,,False,True,False,3,68,0,
zootopia_2016,zootopia_2016_frantic_pig,Frantic Pig,FRANTIC PIG | FRANTIC PIG (CONT'D) | FRANTIC PIG (O.S.),M,,False,False,False,3,45,0,
zootopia_2016,zootopia_2016_woolter,Woolter,WOOLTER | WOOLTER (O.S.),M,,False,True,False,3,32,0,
zootopia_2016,zootopia_2016_dharma_armadillo,Dharma Armadillo,DHARMA ARMADILLO | DHARMA ARMADILLO (CONT'D),F,,False,True,False,2,30,0,
zootopia_2016,zootopia_2016_leopard,Leopard,LEOPARD,M,,False,False,False,2,40,0,
zootopia_2016,zootopia_2016_mchorn,Mchorn,MCHORN,M,,False,True,False,2,21,0,
zootopia_2016,zootopia_2016_press,Press,PRESS,Both,,False,False,False,2,40,0,group
zootopia_2016,zootopia_2016_rabbit_mom,Rabbit Mom,RABBIT MOM,F,,False,False,False,2,13,0,
zootopia_2016,zootopia_2016_travis_the_wolf_henchman_kid,Travis The Wolf Henchman Kid,TRAVIS THE WOLF HENCHMAN KID,M,,False,True,False,2,15,0,
zootopia_2016,zootopia_2016_wolf_guard,Wolf Guard,WOLF GUARD,M,,False,False,False,2,19,0,
zootopia_2016,zootopia_2016_angry_driver,Angry Driver,ANGRY DRIVER (O.S.),M,,False,False,False,1,8,0,
zootopia_2016,zootopia_2016_angry_gerbil_lady,Angry Gerbil Lady,ANGRY GERBIL LADY,F,,False,False,False,1,26,0,
zootopia_2016,zootopia_2016_another_reporter,Another Reporter,ANOTHER REPORTER,M,,False,False,False,1,8,0,
zootopia_2016,zootopia_2016_cotton,Cotton,COTTON,F,,False,True,False,1,5,0,Judy's sibling
zootopia_2016,zootopia_2016_crowd_of_bunnies,Crowd Of Bunnies,CROWD OF BUNNIES,Both,,False,False,False,1,13,0,group
zootopia_2016,zootopia_2016_elephant,Elephant,ELEPHANT,M,,False,False,False,1,16,0,
zootopia_2016,zootopia_2016_gary_the_wolf_guard,Gary The Wolf Guard,GARY THE WOLF GUARD,M,,False,True,False,1,5,0,
zootopia_2016,zootopia_2016_hippo_child,Hippo Child,HIPPO CHILD,M,,False,False,False,1,8,0,
zootopia_2016,zootopia_2016_jesse,Jesse,JESSE,M,,False,True,False,1,4,0,
zootopia_2016,zootopia_2016_moose,Moose,MOOSE,M,,False,False,False,1,17,0,
zootopia_2016,zootopia_2016_nick_hopps,Nick Hopps,NICK                          HOPPS (CONT'D),Both,,False,False,False,1,14,0,parser artifact — two speakers on one line
zootopia_2016,zootopia_2016_number_two,Number Two,Number two,M,,False,False,False,1,38,0,stage direction parsed as character
zootopia_2016,zootopia_2016_officer_higgins,Officer Higgins,OFFICER HIGGINS (O.S.),M,,False,True,False,1,23,0,
zootopia_2016,zootopia_2016_pig,Pig,PIG,M,,False,False,False,1,6,0,
zootopia_2016,zootopia_2016_pred_anchor,Pred Anchor,PRED ANCHOR,M,,False,False,False,1,17,0,
zootopia_2016,zootopia_2016_predator_anchor,Predator Anchor,PREDATOR ANCHOR (V.O.),M,,False,False,False,1,20,0,
zootopia_2016,zootopia_2016_prey_anchor,Prey Anchor,PREY ANCHOR,M,,False,False,False,1,26,0,
zootopia_2016,zootopia_2016_priscilla,Priscilla,PRISCILLA,F,,False,True,False,1,2,0,three-toed sloth
zootopia_2016,zootopia_2016_rabbit_kid,Rabbit Kid,RABBIT KID,M,,False,False,False,1,3,0,
zootopia_2016,zootopia_2016_reporters,Reporters,REPORTERS,Both,,False,False,False,1,18,0,group
zootopia_2016,zootopia_2016_train_conductor,Train Conductor,TRAIN CONDUCTOR,M,,False,False,False,1,3,0,
zootopia_2016,zootopia_2016_truck_driver,Truck Driver,TRUCK DRIVER (O.S.),M,,False,False,False,1,53,0,
coco_2017,coco_2017_miguel,Miguel,MIGUEL | MIGUEL (CONT'D) | MIGUEL (O.S.) | MIGUEL (V.O) | MIGUEL (V.O.),M,,True,True,True,343,2424,330,Miguel Rivera
coco_2017,coco_2017_h_ctor,Héctor,H CTOR | H CTOR (CONT'D) | H CTOR (O.S.) | H CTOR (V.O.) | YOUNG H CTOR,M,,False,True,True,182,1692,124,Héctor (accent stripped by parser)
coco_2017,coco_2017_de_la_cruz,De La Cruz,DE LA CRUZ | DE LA CRUZ (CONT'D) | DE LA CRUZ (FILM CLIP) | YOUNG DE LA CRUZ | YOUNG DE LA CRUZ (CONT'D),M,,False,True,True,89,746,148,Ernesto de la Cruz
coco_2017,coco_2017_mam_imelda,Mam Imelda,MAM  IMELDA | MAM  IMELDA (CONT'D),F,,False,True,True,69,503,68,Mamá Imelda
coco_2017,coco_2017_abuelita,Abuelita,ABUELITA | ABUELITA (CONT'D) | ABUELITA (O.S.),F,,False,True,True,51,406,0,
coco_2017,coco_2017_pap,Pap,PAP | PAP  (O.S.),M,,False,True,True,22,146,0,Papá (Miguel's father)
coco_2017,coco_2017_pap_julio,Pap Julio,PAP  JULIO | PAP  JULIO (CONT'D),M,,False,True,True,18,83,0,Papá Julio
coco_2017,coco_2017_chicharr_n,Chicharrón,CHICHARR N,M,,False,True,True,13,89,0,Chicharrón (accent stripped)
coco_2017,coco_2017_clerk,Clerk,CLERK,M,,False,False,True,13,143,0,voiced by Gabriel Iglesias
coco_2017,coco_2017_frida,Frida,FRIDA | FRIDA (CONT'D),F,,False,True,True,13,177,0,Frida Kahlo
coco_2017,coco_2017_mam_coco,Mam Coco,MAM  COCO | MAM  COCO (CONT'D) | YOUNG COCO,F,,False,True,True,14,69,0,Mamá Coco
coco_2017,coco_2017_t_a_rosita,Tía Rosita,T A ROSITA,F,,False,True,True,13,65,0,Tía Rosita
coco_2017,coco_2017_mam,Mam,MAM | MAM  (CONT'D),F,,False,True,True,10,73,0,Mamá — Miguel's mother
coco_2017,coco_2017_departures_agent,Departures Agent,DEPARTURES AGENT | DEPARTURES AGENT (CONT'D),F,,False,False,True,9,53,0,voiced by Carla Medina
coco_2017,coco_2017_plaza_mariachi,Plaza Mariachi,PLAZA MARIACHI | PLAZA MARIACHI (CONT'D),M,,False,False,True,9,124,0,voiced by Lombardo Boyar
coco_2017,coco_2017_t_a_victoria,Tía Victoria,T A VICTORIA,F,,False,True,True,8,37,0,Tía Victoria
coco_2017,coco_2017_t_o_oscar,Tío Oscar,T O OSCAR,M,,False,True,True,8,33,0,Tío Oscar
coco_2017,coco_2017_emcee,Emcee,EMCEE | EMCEE (CONT'D) | EMCEE (O.S.),F,,False,False,True,7,101,0,voiced by Blanca Araceli
coco_2017,coco_2017_security_guard,Security Guard,SECURITY GUARD,M,,False,False,True,7,31,0,
coco_2017,coco_2017_t_o_felipe,Tío Felipe,T O FELIPE,M,,False,True,True,6,27,0,Tío Felipe
coco_2017,coco_2017_corrections_officer,Corrections Officer,CORRECTIONS OFFICER,M,,False,False,True,5,53,0,
coco_2017,coco_2017_t_o_berto,Tío Berto,T O BERTO,M,,False,True,True,5,32,0,Tío Berto
coco_2017,coco_2017_arrivals_agent,Arrivals Agent,ARRIVALS AGENT | ARRIVALS AGENT (O.S.),M,,False,False,False,4,16,0,
coco_2017,coco_2017_crowd,Crowd,CROWD,Both,,False,False,False,4,8,0,group
coco_2017,coco_2017_crowd_member,Crowd Member,CROWD MEMBER,M,,False,False,False,4,8,0,
coco_2017,coco_2017_gustavo,Gustavo,GUSTAVO,M,,False,True,False,4,62,0,
coco_2017,coco_2017_patrolman,Patrolman,PATROLMAN,M,,False,False,False,4,19,0,
coco_2017,coco_2017_stagehand,Stagehand,STAGEHAND,M,,False,False,False,4,29,0,
coco_2017,coco_2017_canned_loop,Canned Loop,CANNED LOOP (V.O.),M,,False,False,False,3,48,0,
coco_2017,coco_2017_don_hidalgo,Don Hidalgo,DON HIDALGO (FILM CLIP),M,,False,True,False,3,27,0,
coco_2017,coco_2017_nun,Nun,NUN (FILM CLIP),F,,False,False,False,3,22,0,
coco_2017,coco_2017_tour_guide,Tour Guide,TOUR GUIDE | TOUR GUIDE (CONT'D) | TOUR GUIDE (O.S.),M,,False,False,False,3,69,0,
coco_2017,coco_2017_woman,Woman,WOMAN | WOMAN (CONT'D),F,,False,False,False,3,15,0,
coco_2017,coco_2017_audience_member,Audience Member,AUDIENCE MEMBER | AUDIENCE MEMBER (O.S.),M,,False,False,False,2,9,0,
coco_2017,coco_2017_band_leader,Band Leader,BAND LEADER,M,,False,False,False,2,20,0,
coco_2017,coco_2017_cecilia,Cecilia,CECILIA,F,,False,True,False,2,30,0,
coco_2017,coco_2017_dante,Dante,DANTE (O.S) | DANTE (O.S.),M,,False,True,False,2,3,0,Miguel's dog
coco_2017,coco_2017_de_la_cruz_mam_imelda,De La Cruz/Mam Imelda,DE LA CRUZ/MAM  IMELDA,Both,,False,False,False,2,0,21,parser artifact — two speakers
coco_2017,coco_2017_groundskeeper,Groundskeeper,GROUNDSKEEPER,M,,False,False,False,2,7,0,
coco_2017,coco_2017_guest,Guest,GUEST,M,,False,False,False,2,6,0,
coco_2017,coco_2017_musicians,Musicians,MUSICIANS,Both,,False,False,False,2,5,4,group
coco_2017,coco_2017_skeleton_head,Skeleton Head,SKELETON HEAD,M,,False,False,False,2,4,0,
coco_2017,coco_2017_stage_manager,Stage Manager,STAGE MANAGER,M,,False,False,False,2,21,0,
coco_2017,coco_2017_t_a_chelo,Tía Chelo,T A CHELO,F,,False,True,False,2,15,0,Tía Chelo
coco_2017,coco_2017_announcer,Announcer,ANNOUNCER (O.S.),M,,False,False,False,1,12,0,
coco_2017,coco_2017_audience,Audience,AUDIENCE,Both,,False,False,False,1,3,0,group
coco_2017,coco_2017_case_worker,Case Worker,CASE WORKER,M,,False,False,False,1,13,0,
coco_2017,coco_2017_crowd_members,Crowd Members,CROWD MEMBERS,Both,,False,False,False,1,21,0,group
coco_2017,coco_2017_distressed_traveler,Distressed Traveler,DISTRESSED TRAVELER,M,,False,False,False,1,13,0,
coco_2017,coco_2017_elderly_couple,Elderly Couple,ELDERLY COUPLE,Both,,False,False,False,1,1,0,group
coco_2017,coco_2017_family,Family,FAMILY,Both,,False,False,False,1,24,0,group
coco_2017,coco_2017_interviewer,Interviewer,INTERVIEWER (FILM CLIP),M,,False,False,False,1,15,0,
coco_2017,coco_2017_juan_ortodoncia,Juan Ortodoncia,JUAN ORTODONCIA,M,,False,True,False,1,1,0,
coco_2017,coco_2017_lola,Lola,LOLA (FILM CLIP),F,,False,True,False,1,9,0,
coco_2017,coco_2017_miffed_wife,Miffed Wife,MIFFED WIFE,F,,False,False,False,1,12,0,
coco_2017,coco_2017_miguel_de_la_cruz,Miguel & De La Cruz,MIGUEL & DE LA CRUZ,Both,,False,False,False,1,0,12,parser artifact — two speakers
coco_2017,coco_2017_officer,Officer,OFFICER,M,,False,False,False,1,1,0,
coco_2017,coco_2017_opera_singers,Opera Singers,OPERA SINGERS,Both,,False,False,False,1,0,8,group
coco_2017,coco_2017_pap_franco,Pap Franco,PAP  FRANCO,M,,False,True,False,1,2,0,Papá Franco
coco_2017,coco_2017_patrolwoman,Patrolwoman,PATROLWOMAN,F,,False,False,False,1,9,0,
coco_2017,coco_2017_prima_rosa,Prima Rosa,PRIMA ROSA,F,,False,True,False,1,12,0,
coco_2017,coco_2017_primo_abel,Primo Abel,PRIMO ABEL,M,,False,True,False,1,8,0,
coco_2017,coco_2017_ratty_group,Ratty Group,RATTY GROUP,Both,,False,False,False,1,3,0,group
coco_2017,coco_2017_ratty_member,Ratty Member,RATTY MEMBER,M,,False,False,False,1,2,0,
coco_2017,coco_2017_skeleton_abuela,Skeleton Abuela,SKELETON ABUELA,F,,False,False,False,1,5,0,
coco_2017,coco_2017_skeleton_mother,Skeleton Mother,SKELETON MOTHER,F,,False,False,False,1,11,0,
coco_2017,coco_2017_skeleton_musician,Skeleton Musician,SKELETON MUSICIAN,M,,False,False,False,1,0,10,
coco_2017,coco_2017_street_vendor,Street Vendor,STREET VENDOR,M,,False,False,False,1,3,0,
coco_2017,coco_2017_t_a_gloria,Tía Gloria,T A GLORIA,F,,False,True,False,1,6,0,Tía Gloria
coco_2017,coco_2017_t_o_felipe_t_o_oscar,Tío Felipe/Tío Oscar,T O FELIPE/T O OSCAR,Both,,False,False,False,1,8,0,parser artifact — two speakers
coco_2017,coco_2017_t_o_oscar_t_o_felipe,Tío Oscar/Tío Felipe,T O OSCAR/T O FELIPE,Both,,False,False,False,1,1,0,parser artifact — two speakers
coco_2017,coco_2017_tias,Tias,OLD TIAS,F,,False,False,False,1,2,0,group
coco_2017,coco_2017_traveler,Traveler,TRAVELER,M,,False,False,False,1,5,0,
coco_2017,coco_2017_vendor,Vendor,VENDOR,M,,False,False,False,1,5,0,
coco_2017,coco_2017_voice_over_p_a,Voice Over P.A.,VOICE OVER P.A.,M,,False,False,False,1,10,0,
coco_2017,coco_2017_voices,Voices,VOICES (O.S.),Both,,False,False,False,1,14,0,group
onward_2020,onward_2020_ian,Ian,IAN | IAN (V.O.),M,,True,True,True,383,5263,0,
onward_2020,onward_2020_barley,Barley,BARLEY | BARLEY (O.S.) | YOUNG BARLEY,M,,False,True,True,364,6477,0,
onward_2020,onward_2020_laurel,Laurel,LAUREL | LAUREL (O.S.),F,,False,True,True,106,1706,0,
onward_2020,onward_2020_manticore,Manticore,COSTUMED MANTICORE | MANTICORE,F,,False,True,True,70,1297,0,
onward_2020,onward_2020_colt,Colt,COLT | COLT (O.S.) | COLT (ON PHONE),M,,False,True,True,42,611,0,
onward_2020,onward_2020_dad,Dad,DAD | DAD (V.O.),M,,False,True,True,21,312,0,
onward_2020,onward_2020_dewdrop,Dewdrop,DEWDROP | DEWDROP (O.S.),F,,False,True,True,15,199,0,
onward_2020,onward_2020_officer_specter,Officer Specter,OFFICER SPECTER,F,,False,True,True,15,240,0,
onward_2020,onward_2020_officer_gore,Officer Gore,OFFICER GORE | OFFICER GORE (O.S.),F,,False,True,True,12,167,0,
onward_2020,onward_2020_grecklin,Grecklin,GRECKLIN,F,,False,True,True,10,87,0,
onward_2020,onward_2020_gaxton,Gaxton,GAXTON,M,,False,True,True,9,123,0,
onward_2020,onward_2020_officer_avel,Officer Avel,OFFICER AVEL,M,,False,True,True,9,117,0,
onward_2020,onward_2020_sadalia,Sadalia,SADALIA,F,,False,True,True,9,75,0,
onward_2020,onward_2020_driving_instructor,Driving Instructor,DRIVING INSTRUCTOR,F,,False,False,True,7,76,0,
onward_2020,onward_2020_hostess,Hostess,HOSTESS,F,,False,False,False,4,78,0,
onward_2020,onward_2020_althea,Althea,ALTHEA,F,,False,True,False,3,12,0,
onward_2020,onward_2020_cobweb,Cobweb,COBWEB,M,,False,True,False,3,42,0,
onward_2020,onward_2020_colt_ian,Colt/Ian,COLT/IAN,M,,False,True,False,3,89,0,
onward_2020,onward_2020_gorgamon,Gorgamon,GORGAMON,M,,False,True,False,3,51,0,
onward_2020,onward_2020_windshield_sprite,Windshield Sprite,WINDSHIELD SPRITE,M,,False,True,False,3,54,0,
onward_2020,onward_2020_fennwick,Fennwick,FENNWICK,M,,False,True,False,2,62,0,
onward_2020,onward_2020_gurge,Gurge,GURGE,M,,False,True,False,2,21,0,
onward_2020,onward_2020_ian_colt,Ian/Colt,IAN/COLT,M,,False,True,False,2,95,0,
onward_2020,onward_2020_apprentice,Apprentice,APPRENTICE,M,,False,False,False,1,8,0,
onward_2020,onward_2020_birthday_kids,Birthday Kids,BIRTHDAY KIDS,Both,,False,False,False,1,11,0,
onward_2020,onward_2020_brave_wizard,Brave Wizard,BRAVE WIZARD,M,,False,False,False,1,22,0,
onward_2020,onward_2020_bullseye_sprite,Bullseye Sprite,BULLSEYE SPRITE,M,,False,False,False,1,10,0,
onward_2020,onward_2020_elf_wizard,Elf Wizard,ELF WIZARD,M,,False,False,False,1,15,0,
onward_2020,onward_2020_fitness_instructor,Fitness Instructor,FITNESS INSTRUCTOR,M,,False,False,False,1,15,0,
onward_2020,onward_2020_fitness_models,Fitness Models,FITNESS MODELS,Both,,False,False,False,1,4,0,
onward_2020,onward_2020_flying_sprites,Flying Sprites,FLYING SPRITES,M,,False,False,False,1,12,0,
onward_2020,onward_2020_gas_station_clerk,Gas Station Clerk,GAS STATION CLERK,M,,False,False,False,1,26,0,
onward_2020,onward_2020_gas_station_victim,Gas Station Victim,GAS STATION VICTIM,M,,False,False,False,1,9,0,
onward_2020,onward_2020_gaxton_s_son,Gaxton'S Son,GAXTON'S SON,M,,False,False,False,1,1,0,
onward_2020,onward_2020_gps_voice,Gps Voice,GPS VOICE,F,,False,False,False,1,16,0,
onward_2020,onward_2020_master_wizard,Master Wizard,MASTER WIZARD,M,,False,False,False,1,38,0,
onward_2020,onward_2020_mustardseed,Mustardseed,MUSTARDSEED,M,,False,True,False,1,13,0,
onward_2020,onward_2020_parthenope,Parthenope,PARTHENOPE,F,,False,True,False,1,3,0,
onward_2020,onward_2020_rogue_waiter,Rogue Waiter,ROGUE WAITER,M,,False,True,False,1,21,0,
onward_2020,onward_2020_satyr_wizard,Satyr Wizard,SATYR WIZARD,M,,False,True,False,1,12,0,
onward_2020,onward_2020_tavern_patron,Tavern Patron,TAVERN PATRON,M,,False,False,False,1,7,0,
onward_2020,onward_2020_tavern_waitress,Tavern Waitress,TAVERN WAITRESS,F,,False,False,False,1,29,0,
onward_2020,onward_2020_teacher,Teacher,TEACHER,F,,False,False,False,1,18,0,
onward_2020,onward_2020_theyus,Theyus,THEYUS,M,,False,True,False,1,12,0,
onward_2020,onward_2020_waiters,Waiters,WAITERS,Both,,False,False,False,1,28,0,
onward_2020,onward_2020_yeldaeh,Yeldaeh,YELDAEH,F,,False,False,False,1,9,0,
encanto_2021,encanto_2021_mirabel,Mirabel,MIRABEL | MIRABEL (CONT'D) | MIRABEL (O.S.) | MIRABEL (PRELAP) | MIRABEL (V.O.) | YOUNG MIRABEL,F,,True,True,True,220,4310,208,
encanto_2021,encanto_2021_abuela_alma,Abuela Alma,ABUELA (O.S.) | ABUELA ALMA | ABUELA ALMA (CONT'D) | ABUELA ALMA (O.S.) | ABUELA ALMA (V.O.),F,,False,True,True,76,1623,8,
encanto_2021,encanto_2021_tio_bruno,Tio Bruno,TIO BRUNO | TIO BRUNO (CONT'D),M,,False,True,True,54,1308,0,
encanto_2021,encanto_2021_luisa,Luisa,LUISA | LUISA (CONT'D) | LUISA (O.S.),F,,False,True,True,36,407,67,
encanto_2021,encanto_2021_isabela,Isabela,ISABELA | ISABELA (CONT'D) | ISABELA (O.S.),F,,False,True,True,29,379,73,
encanto_2021,encanto_2021_julieta,Julieta,JULIETA | JULIETA (CONT'D) | JULIETA (O.S.),F,,False,True,True,26,588,16,
encanto_2021,encanto_2021_pepa,Pepa,PEPA | PEPA (CONT'D) | PEPA (O.S.),F,,False,True,True,26,435,45,
encanto_2021,encanto_2021_camilo,Camilo,CAMILO | CAMILO (AS FÉLIX) | CAMILO (CONT'D) | CAMILO (O.S.),M,,False,True,True,14,338,0,
encanto_2021,encanto_2021_antonio,Antonio,ANTONIO | ANTONIO (CONT'D) | ANTONIO (O.S.),M,,False,True,True,13,350,0,
encanto_2021,encanto_2021_dolores,Dolores,DOLORES | DOLORES (CONT'D),F,,False,True,True,11,331,0,
encanto_2021,encanto_2021_mariano,Mariano,MARIANO | MARIANO (CONT'D) | MARIANO (O.S.),M,,False,True,True,10,168,0,
encanto_2021,encanto_2021_kids_town,Kids/Town,KIDS/TOWN,Unknown,,False,False,True,9,21,0,
encanto_2021,encanto_2021_innocent_cecilia,Innocent Cecilia,INNOCENT CECILIA,F,,False,True,True,7,120,0,
encanto_2021,encanto_2021_agustin,Agustin,AGUSTIN | AGUSTIN (O.S.),M,,False,True,True,5,82,0,
encanto_2021,encanto_2021_alejandra,Alejandra,LITTLE ALEJANDRA,F,,False,True,True,5,87,0,
encanto_2021,encanto_2021_abuela_guzman,Abuela Guzman,ABUELA GUZMAN | ABUELA GUZMAN (O.S.),F,,False,True,False,4,131,0,
encanto_2021,encanto_2021_kids,Kids,KIDS,Unknown,,False,False,False,4,43,0,
encanto_2021,encanto_2021_pumped_juancho,Pumped Juancho,PUMPED JUANCHO,M,,False,True,False,4,21,0,
encanto_2021,encanto_2021_donkey_delivery_guy,Donkey Delivery Guy,DONKEY DELIVERY GUY,M,,False,True,False,2,66,0,
encanto_2021,encanto_2021_family,Family,FAMILY,Unknown,,False,False,False,2,46,0,
encanto_2021,encanto_2021_isabela_mirabel,Isabela/Mirabel,ISABELA/MIRABEL,F,,False,True,False,2,43,0,
encanto_2021,encanto_2021_sr_rendon,Sr. Rendon,SR. RENDON | SR. RENDON (O.S.),M,,False,True,False,2,9,0,
encanto_2021,encanto_2021_townsfolk,Townsfolk,TOWNSFOLK,Both,,False,False,False,2,7,0,
encanto_2021,encanto_2021_townspeople,Townspeople,TOWNSPEOPLE,Both,,False,False,False,2,6,20,
encanto_2021,encanto_2021_abuela_alba,Abuela Alba,ABUELA ALBA,F,,False,True,False,1,39,0,
encanto_2021,encanto_2021_abuela_mirabel,Abuela/Mirabel,ABUELA/MIRABEL,F,,False,True,False,1,8,0,
encanto_2021,encanto_2021_arturo,Arturo,OLD ARTURO,M,,False,True,False,1,16,0,
encanto_2021,encanto_2021_crowd,Crowd,CROWD,Unknown,,False,False,False,1,7,0,
encanto_2021,encanto_2021_dolores_camilo,Dolores/Camilo,DOLORES/CAMILO,Both,,False,True,False,1,36,0,
encanto_2021,encanto_2021_everyone,Everyone,EVERYONE,Both,,False,False,False,1,48,0,
encanto_2021,encanto_2021_family_everyone,Family / Everyone,FAMILY / EVERYONE,Both,,False,False,False,1,45,0,
encanto_2021,encanto_2021_family_walla,Family Walla,FAMILY WALLA (O.S.),Both,,False,False,False,1,55,0,
encanto_2021,encanto_2021_family_and_mirabel,Family... And Mirabel,FAMILY... AND MIRABEL,Both,,False,False,False,1,3,0,
encanto_2021,encanto_2021_isabela_luisa,Isabela/Luisa,ISABELA/LUISA,F,,False,True,False,1,5,0,
encanto_2021,encanto_2021_isabela_luisa_mirabel_dolores,Isabela/Luisa/Mirabel/Dolores,ISABELA/LUISA/MIRABEL/DOLORES,F,,False,True,False,1,14,0,
encanto_2021,encanto_2021_julieta_mirabel,Julieta/Mirabel,JULIETA/MIRABEL,F,,False,True,False,1,6,0,
encanto_2021,encanto_2021_julieta_pepa,Julieta/Pepa,JULIETA/PEPA,F,,False,True,False,1,5,0,
encanto_2021,encanto_2021_luisa_isabela,Luisa/Isabela,LUISA/ISABELA,F,,False,True,False,1,0,7,
encanto_2021,encanto_2021_mirabel_family,Mirabel/ Family,MIRABEL/ FAMILY,Both,,False,True,False,1,4,0,
encanto_2021,encanto_2021_mirabel_abuela_townspeople,Mirabel/Abuela/Townspeople,MIRABEL/ABUELA/TOWNSPEOPLE,Both,,False,True,False,1,29,0,
encanto_2021,encanto_2021_mirabel_kids_town,Mirabel/Kids/Town,MIRABEL/KIDS/TOWN,Both,,False,True,False,1,2,0,
encanto_2021,encanto_2021_osvaldo_orozco_ortiz,Osvaldo Orozco Ortiz,OSVALDO OROZCO ORTIZ,M,,False,True,False,1,9,0,
encanto_2021,encanto_2021_prima_donna,Prima Donna,PRIMA DONNA,F,,False,True,False,1,0,13,
encanto_2021,encanto_2021_sr_flores,Sr. Flores,SR. FLORES,F,,False,True,False,1,17,0,
encanto_2021,encanto_2021_sra_osma,Sra. Osma,SRA. OSMA,F,,False,True,False,1,6,0,
raya_and_the_last_dragon_2021,raya_and_the_last_dragon_2021_raya,Raya,RAYA | RAYA (CONT'D) | RAYA (O.S.) | RAYA (V.O.) | YOUNG RAYA | YOUNG RAYA (CONT'D),F,,True,True,True,284,5131,18,
raya_and_the_last_dragon_2021,raya_and_the_last_dragon_2021_sisu,Sisu,SISU | SISU (CONT'D) | SISU (O.S.) | SISU (V.O.) | SISU (VOICED BY BOUN) | SISU-HUMAN | SISU-HUMAN (CONT'D),F,,False,True,True,157,3076,5,
raya_and_the_last_dragon_2021,raya_and_the_last_dragon_2021_boun,Boun,BOUN | BOUN (CONT'D) | BOUN (O.S.),M,,False,True,True,65,1362,0,
raya_and_the_last_dragon_2021,raya_and_the_last_dragon_2021_namaari,Namaari,NAMAARI | NAMAARI (CONT'D) | NAMAARI (O.S.) | NAMAARI (VOICED BY SISU) | YOUNG NAMAARI | YOUNG NAMAARI (CONT'D),F,,False,True,True,63,1534,0,
raya_and_the_last_dragon_2021,raya_and_the_last_dragon_2021_tong,Tong,TONG | TONG (CONT'D),M,,False,True,True,35,679,0,
raya_and_the_last_dragon_2021,raya_and_the_last_dragon_2021_benja,Benja,BENJA | BENJA (CONT'D),M,,False,True,True,33,1036,0,
raya_and_the_last_dragon_2021,raya_and_the_last_dragon_2021_virana,Virana,VIRANA | VIRANA (CONT'D),F,,False,True,True,16,357,0,
raya_and_the_last_dragon_2021,raya_and_the_last_dragon_2021_dang_hu,Dang Hu,DANG HU | DANG HU (CONT'D),F,,False,True,True,10,199,0,
raya_and_the_last_dragon_2021,raya_and_the_last_dragon_2021_chyron,Chyron,Chyron,M,,False,True,True,5,39,0,
raya_and_the_last_dragon_2021,raya_and_the_last_dragon_2021_male_merchant,Male Merchant,MALE MERCHANT 1 | MALE MERCHANT 2,M,,False,True,True,5,51,0,
raya_and_the_last_dragon_2021,raya_and_the_last_dragon_2021_chai_the_flower_guy,Chai The Flower Guy,CHAI THE FLOWER GUY,M,,False,True,False,3,35,0,
raya_and_the_last_dragon_2021,raya_and_the_last_dragon_2021_spine_chief,Spine Chief,SPINE CHIEF | SPINE CHIEF (O.S.),M,,False,True,False,3,54,0,
raya_and_the_last_dragon_2021,raya_and_the_last_dragon_2021_female_merchant,Female Merchant,FEMALE MERCHANT,F,,False,False,False,2,19,0,
raya_and_the_last_dragon_2021,raya_and_the_last_dragon_2021_female_spine_warrior,Female Spine Warrior,FEMALE SPINE WARRIOR | FEMALE SPINE WARRIOR (O.S),F,,False,False,False,2,10,0,
raya_and_the_last_dragon_2021,raya_and_the_last_dragon_2021_noi,Noi,NOI,F,,False,True,False,2,7,0,
raya_and_the_last_dragon_2021,raya_and_the_last_dragon_2021_tail_chief,Tail Chief,TAIL CHIEF,M,,False,True,False,2,83,0,
raya_and_the_last_dragon_2021,raya_and_the_last_dragon_2021_cats,Cats,CATS (VOICED BY RAYA),F,,False,False,False,1,7,0,parser artifact — not an alias of Raya
raya_and_the_last_dragon_2021,raya_and_the_last_dragon_2021_dang_hai,Dang Hai,DANG HAI (CHIEF OF TALON),M,,False,True,False,1,14,0,
raya_and_the_last_dragon_2021,raya_and_the_last_dragon_2021_fang_officer,Fang Officer,FANG OFFICER,M,,False,True,False,1,13,0,
raya_and_the_last_dragon_2021,raya_and_the_last_dragon_2021_kid,Kid,KID,Unknown,,False,False,False,1,40,0,
raya_and_the_last_dragon_2021,raya_and_the_last_dragon_2021_tuk_tuk,Tuk-Tuk,TUK-TUK,M,"half-pug half puppy, non-human",False,True,False,1,1,0,
raya_and_the_last_dragon_2021,raya_and_the_last_dragon_2021_wahn,Wahn,WAHN,M,,False,True,False,1,33,0,
elemental_2023,elemental_2023_ember,Ember,BIG KID EMBER | EMBER | EMBER (O.S.) | EMBER (V.O.) | LITTLE KID EMBER | TEENAGE EMBER,F,,True,True,True,336,6305,90,
elemental_2023,elemental_2023_wade,Wade,WADE | WADE (CONT’D) | WADE (O.S.) | WADE (V.O.),M,,False,True,True,253,4566,0,
elemental_2023,elemental_2023_bernie,Bernie,BERNIE | BERNIE (CONT’D) | BERNIE (O.S.) | BERNIE (V.O.),M,,False,True,True,128,2155,0,
elemental_2023,elemental_2023_cinder,Cinder,CINDER | CINDER (CONT'D) | CINDER (O.S.) | CINDER (V.O) | CINDER (V.O.),F,,False,True,True,57,979,0,
elemental_2023,elemental_2023_brook,Brook,BROOK | BROOK (CONT’D),F,,False,True,True,19,442,49,
elemental_2023,elemental_2023_gale,Gale,GALE,F,,False,True,True,28,479,0,
elemental_2023,elemental_2023_harold,Harold,HAROLD,M,,False,True,True,9,218,0,
elemental_2023,elemental_2023_clod,Clod,CLOD,M,,False,True,True,14,197,0,
elemental_2023,elemental_2023_earth_kids,Earth Kids.,EARTH KIDS.,Both,,False,False,True,1,172,0,
elemental_2023,elemental_2023_water_passenger,Water Passenger,WATER PASSENGER 1 | WATER PASSENGER 2,F,,False,False,False,2,90,0,
elemental_2023,elemental_2023_alan,Alan,ALAN,M,,False,True,True,6,88,0,
elemental_2023,elemental_2023_fern,Fern,FERN,M,,False,True,True,5,85,0,
elemental_2023,elemental_2023_wood_immigration_official,Wood Immigration Official,WOOD IMMIGRATION OFFICIAL | WOOD IMMIGRATION OFFICIAL (O.S.),M,,False,False,True,5,85,0,
elemental_2023,elemental_2023_customer,Customer,CUSTOMER | CUSTOMER (O.S.),Both,"context depenent, represent the town.",False,False,True,5,73,0,
elemental_2023,elemental_2023_earth_pruner,Earth Pruner,EARTH PRUNER 1 | EARTH PRUNER 2,M,,False,False,False,4,73,0,
elemental_2023,elemental_2023_doorman,Doorman,DOORMAN,M,,False,False,False,3,70,0,
elemental_2023,elemental_2023_crowd,Crowd,CROWD,Both,,False,False,False,2,69,0,
elemental_2023,elemental_2023_first_customer,First Customer,FIRST CUSTOMER | FIRST CUSTOMER (O.S.),F,,False,False,False,2,66,0,
elemental_2023,elemental_2023_sparkler_customer,Sparkler Customer,SPARKLER CUSTOMER,M,,False,False,True,5,57,0,
elemental_2023,elemental_2023_flarrietta,Flarrietta,FLARRIETTA,F,,False,True,True,6,52,0,
elemental_2023,elemental_2023_earth_boat_announcer,Earth Boat Announcer,EARTH BOAT ANNOUNCER (O.S.),M,,False,False,False,1,50,0,
elemental_2023,elemental_2023_fire_kid,Fire Kid,FIRE KID 1,F,,False,False,False,2,48,0,
elemental_2023,elemental_2023_delivery_person,Delivery Person,DELIVERY PERSON (O.S.),F,,False,False,False,1,44,0,
elemental_2023,elemental_2023_train_announcer,Train Announcer,TRAIN ANNOUNCER (O.S.),M,,False,False,False,1,43,0,
elemental_2023,elemental_2023_firish_customer,Firish Customer,FIRISH CUSTOMER,F,,False,False,False,2,41,0,
elemental_2023,elemental_2023_customers,Customers,CUSTOMERS,Both,"context depenent, represent the town.",False,False,False,1,40,0,
elemental_2023,elemental_2023_dirt_burger_vendor,Dirt Burger Vendor,DIRT BURGER VENDOR,M,,False,False,False,1,39,0,
elemental_2023,elemental_2023_kettle_customer,Kettle Customer,KETTLE CUSTOMER,F,,False,False,False,1,35,0,
elemental_2023,elemental_2023_ex_boss,Ex-Boss,EX-BOSS,F,,False,False,False,1,34,0,unclear if alias of Gale — removed merge
elemental_2023,elemental_2023_air_element,Air Element,AIR ELEMENT,Both,,False,False,False,2,31,0,
elemental_2023,elemental_2023_flarry,Flarry,FLARRY,M,,False,True,False,4,30,0,
elemental_2023,elemental_2023_soap_opera_woman,Soap Opera Woman,SOAP OPERA WOMAN,F,,False,False,False,2,26,0,
elemental_2023,elemental_2023_toot_toot_juice_vendor,Toot Toot Juice Vendor,TOOT TOOT JUICE VENDOR,M,,False,False,False,1,26,0,
elemental_2023,elemental_2023_sticker_customer,Sticker Customer,STICKER CUSTOMER,F,,False,False,False,1,21,0,
elemental_2023,elemental_2023_earth_landlord,Earth Landlord,EARTH LANDLORD,M,,False,False,False,1,18,0,
elemental_2023,elemental_2023_hot_log_vendor,Hot Log Vendor,HOT LOG VENDOR (O.S.),M,,False,False,False,1,15,0,
elemental_2023,elemental_2023_polo,Polo,POLO,M,,False,True,False,1,15,0,
elemental_2023,elemental_2023_marco,Marco,MARCO,M,,False,True,False,1,14,0,
elemental_2023,elemental_2023_water_teenager,Water Teenager,WATER TEENAGER 1 | WATER TEENAGER 2,M,,False,False,False,2,10,0,
elemental_2023,elemental_2023_guard,Guard,GUARD,M,,False,False,False,1,9,0,
elemental_2023,elemental_2023_museum_goers,Museum Goers,MUSEUM GOERS,Both,,False,False,False,1,7,0,
elemental_2023,elemental_2023_fire_guy,Fire Guy,FIRE GUY,M,,False,False,False,2,6,0,
elemental_2023,elemental_2023_lake,Lake,LAKE,Both,,False,True,False,1,5,0,
elemental_2023,elemental_2023_kid_customer,Kid Customer,KID CUSTOMER,M,,False,False,False,1,4,0,
elemental_2023,elemental_2023_trinket_customer,Trinket Customer,TRINKET CUSTOMER,M,,False,False,False,1,3,0,
elemental_2023,elemental_2023_air_worker,Air Worker,AIR WORKER,Both,,False,False,False,1,2,0,
elemental_2023,elemental_2023_earth_element,Earth Element,EARTH ELEMENT,Both,,False,False,False,1,1,0,
elemental_2023,elemental_2023_eddy,Eddy,EDDY,F,,False,True,False,1,1,0,
elemental_2023,elemental_2023_ghibli,Ghibli,GHIBLI,F,,False,True,False,1,1,0,
mulan_1998,mulan_1998_mushu,Mushu,Mushu,M,,False,True,True,53,2476,0,
mulan_1998,mulan_1998_shang,Shang,Shang,M,,False,True,True,29,1927,0,
mulan_1998,mulan_1998_mulan,Mulan,Mulan,F,,True,True,True,27,1460,0,
mulan_1998,mulan_1998_chi_fu,Chi Fu,Chi Fu,M,,False,True,True,18,565,0,
mulan_1998,mulan_1998_fa_zhou,Fa Zhou,Fa Zhou,M,,False,True,True,12,382,0,
mulan_1998,mulan_1998_emperor,Emperor,Emperor,M,,False,True,True,9,733,0,
mulan_1998,mulan_1998_yao,Yao,Yao,M,,False,True,True,9,669,0,
mulan_1998,mulan_1998_shan_yu,Shan-Yu,Shan-Yu,M,,False,True,True,7,598,0,
mulan_1998,mulan_1998_fa_li,Fa Li,Fa Li,F,,False,True,True,6,184,0,
mulan_1998,mulan_1998_general_li,General Li,General Li,M,,False,True,True,6,336,0,
mulan_1998,mulan_1998_ling,Ling,Ling,M,,False,True,True,6,391,0,
mulan_1998,mulan_1998_chien_po,Chien-Po,Chien-Po,M,,False,True,True,5,241,0,
mulan_1998,mulan_1998_grandma_fa,Grandma Fa,Grandma Fa,F,,False,True,True,5,197,0,
mulan_1998,mulan_1998_first_ancestor,First Ancestor,First Ancestor,F,,False,False,False,4,162,0,
mulan_1998,mulan_1998_matchmaker,Matchmaker,Matchmaker,F,,False,False,False,4,346,0,
mulan_1998,mulan_1998_cri_kee,Cri-Kee,Cri-Kee,Unknown,"doesn't talk, is a cricket",False,False,False,3,6,0,
mulan_1998,mulan_1998_all_three,All Three,All Three,Unknown,context dependent,False,False,False,2,141,0,
mulan_1998,mulan_1998_hun_archer,Hun Archer,Hun Archer,M,,False,False,False,2,359,0,
mulan_1998,mulan_1998_all_townspeople,All Townspeople,All Townspeople,Both,,False,False,False,1,51,0,
mulan_1998,mulan_1998_army_chorus,Army Chorus,Army Chorus,M,,False,False,False,1,5,0,
mulan_1998,mulan_1998_bath_lady,Bath Lady,Bath Lady,F,,False,False,False,1,159,0,
mulan_1998,mulan_1998_both,Both,Both,Unknown,context dependent,False,False,False,1,6,0,
mulan_1998,mulan_1998_chorus,Chorus,Chorus,Both,,False,False,False,1,48,0,
mulan_1998,mulan_1998_fa_li_and_others,Fa Li And Others,Fa Li and others,Both,,False,False,False,1,74,0,
mulan_1998,mulan_1998_hun_long_hair_guy,Hun Long-Hair Guy,Hun Long-Hair Guy,M,,False,False,False,1,2,0,
mulan_1998,mulan_1998_hun_soldier,Hun Soldier,Hun Soldier,M,,False,False,False,1,26,0,
mulan_1998,mulan_1998_little_brother,Little Brother,Little Brother,Unknown,Mulan's dog,False,False,False,1,34,0,
mulan_1998,mulan_1998_maidens_and_mulan,Maidens And Mulan,Maidens and Mulan,F,,False,False,False,1,27,0,
mulan_1998,mulan_1998_make_up_lady_fa_li,Make-up Lady/Fa Li,Make-up Lady/Fa Li,F,,False,False,False,1,9,0,
mulan_1998,mulan_1998_mulan_and_maidens,Mulan And Maidens,Mulan and Maidens,F,,False,False,False,1,37,0,
mulan_1998,mulan_1998_parade_leader,Parade Leader,Parade Leader,M,,False,False,False,1,48,0,
mulan_1998,mulan_1998_shang_and_chorus,Shang And Chorus,Shang and Chorus,M,,False,False,False,1,183,0,
